"행정구역(시군구)별","항목","단위","1997 년","1998 년","1999 년","2000 년","2001 년","2002 년","2003 년","2004 년","2005 년","2006 년","2007 년","2008 년","2009 년","2010 년","2011 년","2012 년","2013 년","2014 년","2015 년","2016 년","2017 년","2018 년","2019 년","2020 년","2021 년","2022 년","2023 년","2024 년",
"전국","총인구수[명]","명","46684069","46991171","47335678","47732558","48021543","48229948","48386823","48583805","48782274","48991779","49268928","49540367","49773145","50515666","50734284","50948272","51141463","51327916","51529338","51696216","51778544","51826059","51849861","51829023","51638809","51439038","51325329","51217221",
"전국","남자인구수[명]","명","23445473","23594034","23764463","23962088","24102463","24200192","24270143","24363083","24456234","24557004","24691249","24822897","24929939","25310385","25406934","25504060","25588336","25669296","25758186","25827594","25855919","25866129","25864816","25841029","25746684","25636951","25565736","25498324",
"전국","여자인구수[명]","명","23238596","23397137","23571215","23770470","23919080","24029756","24116680","24220722","24326040","24434775","24577679","24717470","24843206","25205281","25327350","25444212","25553127","25658620","25771152","25868622","25922625","25959930","25985045","25987994","25892125","25802087","25759593","25718897",
"서울특별시","총인구수[명]","명","10336134","10270506","10264260","10311314","10263336","10207295","10174086","10173162","10167344","10181166","10192710","10200827","10208302","10312545","10249679","10195318","10143645","10103233","10022181","9930616","9857426","9765623","9729107","9668465","9509458","9428372","9386034","9331828",
"서울특별시","남자인구수[명]","명","5186530","5146825","5141141","5166605","5141741","5108964","5084908","5074686","5062492","5062107","5063188","5061809","5059269","5111259","5073899","5041336","5007869","4979768","4930943","4876789","4830206","4773899","4744059","4701723","4618040","4570048","4540031","4505355",
"서울특별시","여자인구수[명]","명","5149604","5123681","5123119","5144709","5121595","5098331","5089178","5098476","5104852","5119059","5129522","5139018","5149033","5201286","5175780","5153982","5135776","5123465","5091238","5053827","5027220","4991724","4985048","4966742","4891418","4858324","4846003","4826473",
"종로구","총인구수[명]","명","194696","188732","186590","186378","184225","181231","177519","174372","169315","166793","165846","170705","168603","170578","168382","165207","160070","156993","154986","152737","154770","153065","151290","149384","144683","141379","139417","138336",
"종로구","남자인구수[명]","명","97646","94646","93539","93549","92657","91151","89234","87731","84981","83634","83104","85398","84257","85182","83931","82274","79519","77621","76548","75201","75967","74825","73746","72635","70183","68395","67306","66570",
"종로구","여자인구수[명]","명","97050","94086","93051","92829","91568","90080","88285","86641","84334","83159","82742","85307","84346","85396","84451","82933","80551","79372","78438","77536","78803","78240","77544","76749","74500","72984","72111","71766",
"중구","총인구수[명]","명","126892","122500","126254","141010","143016","138134","134548","131971","130027","130649","130044","130362","129465","132822","133193","133360","130465","128065","125733","125249","125709","125725","126171","125240","122499","120437","121312","120544",
"중구","남자인구수[명]","명","63926","61557","63217","70538","71577","69116","67269","65947","64995","65208","64908","65110","65025","66879","67065","67043","65371","64033","62687","62204","62253","61947","61910","61222","59630","58563","58659","58015",
"중구","여자인구수[명]","명","62966","60943","63037","70472","71439","69018","67279","66024","65032","65441","65136","65252","64440","65943","66128","66317","65094","64032","63046","63045","63456","63778","64261","64018","62869","61874","62653","62529",
"용산구","총인구수[명]","명","238304","239282","237489","240087","241033","234653","231871","230107","230260","232035","235832","238224","238708","244853","246501","243232","239740","235951","233342","230241","229161","228999","228670","230040","222953","218650","213151","203854",
"용산구","남자인구수[명]","명","118601","118709","117775","118935","119405","116242","114602","113512","113158","114041","115865","116781","116954","119482","120183","118461","116491","114578","113177","111601","110878","110640","110356","110722","107210","105087","102312","97469",
"용산구","여자인구수[명]","명","119703","120573","119714","121152","121628","118411","117269","116595","117102","117994","119967","121443","121754","125371","126318","124771","123249","121373","120165","118640","118283","118359","118314","119318","115743","113563","110839","106385",
"성동구","총인구수[명]","명","324615","321945","339175","340790","341375","340773","339368","339113","337744","334437","333535","314212","308058","309093","300711","299604","299337","296086","297003","299259","304808","308221","300889","293556","285990","281000","277361","273669",
"성동구","남자인구수[명]","명","164551","162866","171322","172246","172553","171866","170817","170565","169346","167763","167424","157602","154333","155067","150655","149832","149304","147363","147570","148326","150368","151359","147273","143387","139380","136633","134519","132409",
"성동구","여자인구수[명]","명","160064","159079","167853","168544","168822","168907","168551","168548","168398","166674","166111","156610","153725","154026","150056","149772","150033","148723","149433","150933","154440","156862","153616","150169","146610","144367","142842","141260",
"광진구","총인구수[명]","명","396580","395921","390061","391309","388109","386511","384929","380537","375613","374442","376572","375482","373998","375463","371936","371313","368927","363354","360369","357215","357703","355559","351350","346682","339996","337416","335554","331963",
"광진구","남자인구수[명]","명","200256","199432","196237","197061","195484","194200","192996","190304","187320","186268","186945","186237","185190","186024","184103","183528","181864","178738","176884","174797","174414","172794","170262","167310","164058","162541","161277","159237",
"광진구","여자인구수[명]","명","196324","196489","193824","194248","192625","192311","191933","190233","188293","188174","189627","189245","188808","189439","187833","187785","187063","184616","183485","182418","183289","182765","181088","179372","175938","174875","174277","172726",
"동대문구","총인구수[명]","명","388172","377724","367025","380444","381799","381841","382875","379404","381110","378860","376421","370250","362146","366786","365486","363258","364273","363687","360153","355069","350647","348052","346194","342837","337400","336644","341149","338735",
"동대문구","남자인구수[명]","명","196642","191437","186167","192896","193588","193538","193763","191597","192317","190947","189686","186744","182550","184874","183925","182661","182987","182510","180485","177640","175324","173567","172113","169769","166646","165755","167346","165620",
"동대문구","여자인구수[명]","명","191530","186287","180858","187548","188211","188303","189112","187807","188793","187913","186735","183506","179596","181912","181561","180597","181286","181177","179668","177429","175323","174485","174081","173068","170754","170889","173803","173115",
"중랑구","총인구수[명]","명","475089","467001","461737","458440","448928","442125","436089","433858","427373","426078","427071","427871","424761","427455","423706","419295","416798","418836","413909","411005","408226","403209","397015","394702","387350","385318","382155","379274",
"중랑구","남자인구수[명]","명","238830","234583","232135","230852","225653","222179","218949","217271","213775","212918","213662","214351","212576","214383","212291","210043","208641","209323","206505","204900","203325","200419","196959","195165","191112","189537","187372","185473",
"중랑구","여자인구수[명]","명","236259","232418","229602","227588","223275","219946","217140","216587","213598","213160","213409","213520","212185","213072","211415","209252","208157","209513","207404","206105","204901","202790","200056","199537","196238","195781","194783","193801",
"성북구","총인구수[명]","명","476502","478830","472929","460862","450602","443809","453057","451122","462879","472843","469973","473357","476028","488932","485171","481857","476589","466706","459275","450355","444055","435868","442650","437153","430528","430397","425602","421560",
"성북구","남자인구수[명]","명","240325","240933","237767","231749","226644","222614","226943","225280","230451","235057","233505","234730","235755","241927","239726","237474","234573","229205","224980","219951","216556","211904","214437","210810","207578","206961","204171","202003",
"성북구","여자인구수[명]","명","236177","237897","235162","229113","223958","221195","226114","225842","232428","237786","236468","238627","240273","247005","245445","244383","242016","237501","234295","230404","227499","223964","228213","226343","222950","223436","221431","219557",
"강북구","총인구수[명]","명","367787","360814","352142","351995","351404","361896","360663","360525","353260","348990","345478","342274","340367","346520","345054","343157","338707","335025","330873","327195","324479","319164","313954","308055","299182","293660","288113","283597",
"강북구","남자인구수[명]","명","183687","180184","175918","175860","175613","180859","179773","179484","175723","173510","171730","169887","168998","172109","170906","169866","167342","165223","162967","160861","158918","156071","153235","150143","145705","142567","139514","136789",
"강북구","여자인구수[명]","명","184100","180630","176224","176135","175791","181037","180890","181041","177537","175480","173748","172387","171369","174411","174148","173291","171365","169802","167906","166334","165561","163093","160719","157912","153477","151093","148599","146808",
"도봉구","총인구수[명]","명","387808","380844","375275","370976","371259","371911","376599","381939","381529","377534","375975","373936","369733","368298","365573","362270","358582","353709","351242","348220","344166","339413","333362","325257","317366","311694","306948","303228",
"도봉구","남자인구수[명]","명","194627","190969","188130","186009","186049","186078","188073","190240","189766","187442","186424","185376","182985","182407","181004","179194","177153","174554","173029","171238","168759","166160","163051","158620","154487","151398","148796","146696",
"도봉구","여자인구수[명]","명","193181","189875","187145","184967","185210","185833","188526","191699","191763","190092","189551","188560","186748","185891","184569","183076","181429","179155","178213","176982","175407","173253","170311","166637","162879","160296","158152","156532",
"노원구","총인구수[명]","명","586284","594851","617500","632634","646905","641652","631931","628184","622003","618093","616753","615981","610616","611230","603930","597189","590479","582552","574583","567581","554403","543752","532905","523037","510956","503734","498213","491247",
"노원구","남자인구수[명]","명","290171","294485","305940","313369","320404","317436","312390","310082","306356","304047","302823","301982","299211","299384","295551","292081","288435","284225","279987","276333","269508","263919","257923","252383","246053","242145","239117","235464",
"노원구","여자인구수[명]","명","296113","300366","311560","319265","326501","324216","319541","318102","315647","314046","313930","313999","311405","311846","308379","305108","302044","298327","294596","291248","284895","279833","274982","270654","264903","261589","259096","255783",
"은평구","총인구수[명]","명","490500","479841","472464","469417","467719","470205","474778","478087","470751","464580","459196","458401","465895","488109","493634","501480","503660","498644","497920","491476","486794","483197","480032","479835","473307","466746","466770","460919",
"은평구","남자인구수[명]","명","243235","238157","234867","233400","232828","233910","235970","237265","233418","230143","227286","226636","229728","240536","242779","246318","246858","243977","242975","239183","236353","233702","231528","230279","226458","222592","221725","218214",
"은평구","여자인구수[명]","명","247265","241684","237597","236017","234891","236295","238808","240822","237333","234437","231910","231765","236167","247573","250855","255162","256802","254667","254945","252293","250441","249495","248504","249556","246849","244154","245045","242705",
"서대문구","총인구수[명]","명","354084","361733","365783","367380","366228","362614","355753","352071","349163","349020","348575","331688","327451","324541","314852","315113","314110","310376","312141","314194","312800","310313","309397","312173","304819","306337","306231","302853",
"서대문구","남자인구수[명]","명","176171","179690","181484","182202","181514","179411","175720","173452","171773","171098","170588","162350","160243","158857","154033","154017","153315","151338","152008","152510","151144","149569","148663","149360","145694","145816","145404","143412",
"서대문구","여자인구수[명]","명","177913","182043","184299","185178","184714","183203","180033","178619","177390","177922","177987","169338","167208","165684","160819","161096","160795","159038","160133","161684","161656","160744","160734","162813","159125","160521","160827","159441",
"마포구","총인구수[명]","명","388736","384550","385114","387308","379141","375417","379451","383457","388164","390583","392650","385119","384013","391865","389493","384644","381856","385439","387643","379892","374915","375077","374035","371890","368905","364638","363697","361417",
"마포구","남자인구수[명]","명","193239","190861","190912","192008","187922","185903","187569","189108","190582","191287","192383","188327","187324","191034","189243","186452","184774","186177","186495","182162","178939","178240","176891","175150","173504","171043","169990","168356",
"마포구","여자인구수[명]","명","195497","193689","194202","195300","191219","189514","191882","194349","197582","199296","200267","196792","196689","200831","200250","198192","197082","199262","201148","197730","195976","196837","197144","196740","195401","193595","193707","193061",
"양천구","총인구수[명]","명","484538","483674","480313","486781","484345","484518","486962","495098","499755","501717","503650","502343","501395","500001","500210","495911","492528","486221","484532","477739","471154","464185","458165","454251","447302","440881","436028","430976",
"양천구","남자인구수[명]","명","244360","243631","241943","245288","243971","243807","244369","248169","250040","250479","251355","250516","249567","249024","248927","246637","244742","241020","239995","236290","232518","228634","225186","222824","219214","215682","212835","210199",
"양천구","여자인구수[명]","명","240178","240043","238370","241493","240374","240711","242593","246929","249715","251238","252295","251827","251828","250977","251283","249274","247786","245201","244537","241449","238636","235551","232979","231427","228088","225199","223193","220777",
"강서구","총인구수[명]","명","518067","516590","519786","521231","521489","528321","537003","541671","553660","554945","560424","576848","572836","574127","569072","567431","569070","585160","589074","595485","601691","596949","591796","580185","574315","569166","563058","556171",
"강서구","남자인구수[명]","명","258356","257304","258623","259235","259108","262185","266490","268424","274159","274528","276977","284817","282529","283248","280274","278969","279207","286644","287947","290478","292989","290079","286563","280034","276292","273203","269822","266237",
"강서구","여자인구수[명]","명","259711","259286","261163","261996","262381","266136","270513","273247","279501","280417","283447","292031","290307","290879","288798","288462","289863","298516","301127","305007","308702","306870","305233","300151","298023","295963","293236","289934",
"구로구","총인구수[명]","명","376436","380623","395294","403097","415330","413363","412845","416828","416405","419832","420542","420795","421967","423736","427468","427520","424964","425831","422092","417551","410742","404497","406664","404408","396754","395315","392405","388169",
"구로구","남자인구수[명]","명","192877","194526","201438","205510","211580","210467","210121","211704","211109","212559","212665","212461","212953","214032","215474","214982","213251","213213","210440","207667","204003","200417","200987","199673","195537","194274","192341","189991",
"구로구","여자인구수[명]","명","183559","186097","193856","197587","203750","202896","202724","205124","205296","207273","207877","208334","209014","209704","211994","212538","211713","212618","211652","209884","206739","204080","205677","204735","201217","201041","200064","198178",
"금천구","총인구수[명]","명","270764","272276","268629","266431","260476","261413","261224","259633","256902","253243","249108","247320","244835","245195","243438","243288","241020","238463","236284","235386","235154","233917","232810","231733","230811","229642","227481","225159",
"금천구","남자인구수[명]","명","138710","139298","137454","136559","133523","133805","133379","132390","130883","129041","126977","125931","124836","125528","124665","124675","123462","121878","120604","119885","119497","118915","118209","117226","116527","115786","114414","113211",
"금천구","여자인구수[명]","명","132054","132978","131175","129872","126953","127608","127845","127243","126019","124202","122131","121389","119999","119667","118773","118613","117558","116585","115680","115501","115657","115002","114601","114507","114284","113856","113067","111948",
"영등포구","총인구수[명]","명","404017","403380","404306","406510","406860","408753","403327","406261","408386","408698","408178","408099","405798","406833","397443","391408","386471","382352","378504","370613","368550","367778","367678","379480","376837","375675","374794","373773",
"영등포구","남자인구수[명]","명","204710","203862","204616","206354","206761","207424","204446","205393","206376","206343","205976","205732","204349","205106","199987","196765","193880","191464","189394","185200","183975","183224","182438","187647","185926","184660","183726","182802",
"영등포구","여자인구수[명]","명","199307","199518","199690","200156","200099","201329","198881","200868","202010","202355","202202","202367","201449","201727","197456","194643","192591","190888","189110","185413","184575","184554","185240","191833","190911","191015","191068","190971",
"동작구","총인구수[명]","명","430950","424636","419161","415892","406116","403047","410360","410945","410481","408582","405967","400866","397920","402709","401408","405491","410815","407470","400641","400997","396217","396203","395963","391220","385483","380596","378769","375799",
"동작구","남자인구수[명]","명","217308","213756","210761","209248","203840","201955","205203","204946","203993","202449","200891","197951","196339","198587","197672","199454","202144","200328","196463","196267","193255","192533","191976","189152","186426","184030","183153","181576",
"동작구","여자인구수[명]","명","213642","210880","208400","206644","202276","201092","205157","205999","206488","206133","205076","202915","201581","204122","203736","206037","208671","207142","204178","204730","202962","203670","203987","202068","199057","196566","195616","194223",
"관악구","총인구수[명]","명","533577","525729","517552","524404","527764","522207","522456","530156","530020","535217","535571","534556","529869","531434","526397","523029","518028","513186","509663","506851","503297","501957","500094","495060","485699","486752","481956","477812",
"관악구","남자인구수[명]","명","271337","267308","263353","267272","269604","266951","266908","270391","270064","272339","272618","271762","269023","269783","267145","265281","262248","259631","257491","256143","253661","252160","251009","248339","243991","244748","242651","240457",
"관악구","여자인구수[명]","명","262240","258421","254199","257132","258160","255256","255548","259765","259956","262878","262953","262794","260846","261651","259252","257748","255780","253555","252172","250708","249636","249797","249085","246721","241708","242004","239305","237355",
"서초구","총인구수[명]","명","403506","401179","400950","397869","393849","389256","394757","400868","401736","408266","405969","406320","425481","434720","433564","435044","441763","449678","446764","447192","441102","433951","430826","425126","412279","404325","407664","408376",
"서초구","남자인구수[명]","명","199983","198363","197873","195942","193795","191409","193632","196076","196268","198874","197555","197570","206346","210652","209902","210440","213285","216740","214737","214673","211236","207868","206039","203359","197034","193159","194291","194153",
"서초구","여자인구수[명]","명","203523","202816","203077","201927","200054","197847","201125","204792","205468","209392","208414","208750","219135","224068","223662","224604","228478","232938","232027","232519","229866","226083","224787","221767","215245","211166","213373","214223",
"강남구","총인구수[명]","명","550803","550387","552293","550343","540640","535138","528977","531517","540909","556964","560958","557832","562138","570095","565710","564197","563599","578114","576495","567115","556164","542364","545169","539231","533042","529102","544873","557345",
"강남구","남자인구수[명]","명","272129","271238","271269","270296","264593","261641","257776","258371","262628","269857","270925","268963","270720","274303","271991","270970","270601","277267","276425","271604","266442","259611","260806","257999","255047","253072","260520","266412",
"강남구","여자인구수[명]","명","278674","279149","281024","280047","276047","273497","271201","273146","278281","287107","290033","288869","291418","295792","293719","293227","292998","300847","300070","295511","289722","282753","284363","281232","277995","276030","284353","290933",
"송파구","총인구수[명]","명","674577","668879","665918","663177","655483","647037","619514","604293","605840","607005","623876","668962","681476","685279","682209","673115","668415","664738","660302","657831","664496","666635","675961","667960","658338","658801","654166","650110",
"송파구","남자인구수[명]","명","336001","332700","330971","329686","325867","321426","307516","299576","299659","300173","307693","329262","334477","336359","334494","329747","326919","324902","322441","320557","323147","323526","327164","322299","317346","317180","314347","311728",
"송파구","여자인구수[명]","명","338576","336179","334947","333491","329616","325611","311998","304717","306181","306832","316183","339700","346999","348920","347715","343368","341496","339836","337861","337274","341349","343109","348797","345661","340992","341621","339819","338382",
"강동구","총인구수[명]","명","492850","488585","490520","496549","489241","481470","477230","471145","464059","461760","464546","469024","484745","491871","495138","487905","483379","476597","458658","444168","436223","427573","436067","459970","462664","460067","459167","476942",
"강동구","남자인구수[명]","명","248852","246330","247430","250541","247208","243391","241000","237408","233352","232102","233223","235333","243001","246492","247973","244172","241503","237816","228709","221118","216777","211816","215335","226216","227002","225221","224423","232862",
"강동구","여자인구수[명]","명","243998","242255","243090","246008","242033","238079","236230","233737","230707","229658","231323","233691","241744","245379","247165","243733","241876","238781","229949","223050","219446","215757","220732","233754","235662","234846","234744","244080",
"부산광역시","총인구수[명]","명","3851312","3829098","3817270","3796506","3770536","3730125","3691445","3666345","3638293","3611992","3587439","3564577","3543030","3567910","3550963","3538484","3527635","3519401","3513777","3498529","3470653","3441453","3413841","3391946","3350380","3317812","3293362","3266598",
"부산광역시","남자인구수[명]","명","1924904","1914196","1908068","1897050","1883524","1862520","1842405","1828634","1812599","1798940","1785903","1773154","1761202","1773170","1762848","1754479","1747000","1740417","1735570","1725607","1709508","1692421","1675417","1661000","1639044","1619915","1605431","1589912",
"부산광역시","여자인구수[명]","명","1926408","1914902","1909202","1899456","1887012","1867605","1849040","1837711","1825694","1813052","1801536","1791423","1781828","1794740","1788115","1784005","1780635","1778984","1778207","1772922","1761145","1749032","1738424","1730946","1711336","1697897","1687931","1676686",
"중구","총인구수[명]","명","61256","60344","59178","58193","57056","55671","54371","53179","51957","50766","50004","49565","48905","49442","48686","48148","47345","46737","45816","45208","44218","42795","41910","41523","40524","39689","38619","37537",
"중구","남자인구수[명]","명","29974","29566","29040","28514","27909","27274","26611","26009","25418","24909","24485","24323","24125","24333","23983","23658","23304","23013","22502","22174","21662","20992","20557","20282","19755","19239","18703","18233",
"중구","여자인구수[명]","명","31282","30778","30138","29679","29147","28397","27760","27170","26539","25857","25519","25242","24780","25109","24703","24490","24041","23724","23314","23034","22556","21803","21353","21241","20769","20450","19916","19304",
"서구","총인구수[명]","명","167762","163027","158506","154753","151874","148020","144305","142460","139607","136226","132803","129385","125785","126040","123718","120828","118783","118115","115963","112973","110039","110534","108229","108135","105164","105192","104089","103188",
"서구","남자인구수[명]","명","82978","80654","78458","76601","75121","73273","71527","70688","69268","67767","66060","64353","62582","62550","61285","59843","58741","58190","57007","55469","53873","53978","52627","52341","50853","50801","50028","49503",
"서구","여자인구수[명]","명","84784","82373","80048","78152","76753","74747","72778","71772","70339","68459","66743","65032","63203","63490","62433","60985","60042","59925","58956","57504","56166","56556","55602","55794","54311","54391","54061","53685",
"동구","총인구수[명]","명","140131","135154","130625","127138","124303","121043","117617","114204","109879","106890","104881","102764","101153","101514","100420","98529","96011","94565","92069","89826","88868","86912","88165","88901","87679","86462","87792","85911",
"동구","남자인구수[명]","명","69669","67320","65101","63311","61979","60339","58680","56930","54869","53442","52473","51462","50594","50649","50064","49007","47756","46952","45699","44516","43927","42830","43327","43509","42877","42249","42736","41709",
"동구","여자인구수[명]","명","70462","67834","65524","63827","62324","60704","58937","57274","55010","53448","52408","51302","50559","50865","50356","49522","48255","47613","46370","45310","44941","44082","44838","45392","44802","44213","45056","44202",
"영도구","총인구수[명]","명","198027","193174","188376","184488","179841","174678","170355","166054","162961","158780","155273","152118","148139","146798","143205","139765","135816","132102","129385","126362","123521","120109","116711","113342","110638","108156","106548","103737",
"영도구","남자인구수[명]","명","98793","96536","94216","92275","89856","87213","85146","82972","81375","79315","77638","75991","73951","73285","71384","69619","67626","65670","64237","62596","61156","59429","57629","55846","54471","53223","52317","50912",
"영도구","여자인구수[명]","명","99234","96638","94160","92213","89985","87465","85209","83082","81586","79465","77635","76127","74188","73513","71821","70146","68190","66432","65148","63766","62365","60680","59082","57496","56167","54933","54231","52825",
"부산진구","총인구수[명]","명","440813","436290","434032","430373","426518","420645","410603","405534","410610","405775","402359","400516","395689","395826","395044","392731","389765","387378","381572","376526","371703","362357","357880","359886","353159","355917","359508","359281",
"부산진구","남자인구수[명]","명","220790","218569","217445","215379","213209","210105","204941","202373","204291","201709","199766","198474","195868","195905","195246","193834","191789","190136","187028","184213","181502","176316","173446","173920","170181","171141","172607","172115",
"부산진구","여자인구수[명]","명","220023","217721","216587","214994","213309","210540","205662","203161","206319","204066","202593","202042","199821","199921","199798","198897","197976","197242","194544","192313","190201","186041","184434","185966","182978","184776","186901","187166",
"동래구","총인구수[명]","명","302325","300275","301307","300081","295361","290396","282056","279366","276095","279528","284901","282673","281644","282779","283742","278767","276689","275971","272837","272745","270727","266515","271247","270745","266866","273226","270815","274370",
"동래구","남자인구수[명]","명","150524","149600","150031","149658","147283","144610","140551","139215","137428","138946","141536","140424","139596","140009","140377","137722","136514","135902","134214","133890","132673","130338","132295","131735","129681","132296","130920","132236",
"동래구","여자인구수[명]","명","151801","150675","151276","150423","148078","145786","141505","140151","138667","140582","143365","142249","142048","142770","143365","141045","140175","140069","138623","138855","138054","136177","138952","139010","137185","140930","139895","142134",
"남구","총인구수[명]","명","308372","304978","299074","299518","302642","305375","307287","304481","302257","297893","296666","298314","297963","298458","295121","291175","291770","286989","283101","278779","273854","279917","274480","267731","262069","256333","254185","254498",
"남구","남자인구수[명]","명","154755","153130","150248","150460","151789","152970","153715","152295","150988","148720","148111","148709","148192","148297","146362","144063","144189","141511","139403","137096","134592","137437","134519","131037","127955","125118","123851","123837",
"남구","여자인구수[명]","명","153617","151848","148826","149058","150853","152405","153572","152186","151269","149173","148555","149605","149771","150161","148759","147112","147581","145478","143698","141683","139262","142480","139961","136694","134114","131215","130334","130661",
"북구","총인구수[명]","명","296203","296335","306682","307238","311481","320976","326710","333316","335699","330446","325302","318859","314227","312218","307988","312937","309719","306974","310484","310202","302924","296952","291132","283952","283211","278857","273596","267692",
"북구","남자인구수[명]","명","148828","148748","154094","154363","156584","161235","163796","166863","167915","165261","162714","159332","156884","156130","153873","156218","154473","152895","154500","154276","150355","147233","144229","140527","139795","137274","134559","131353",
"북구","여자인구수[명]","명","147375","147587","152588","152875","154897","159741","162914","166453","167784","165185","162588","159527","157343","156088","154115","156719","155246","154079","155984","155926","152569","149719","146903","143425","143416","141583","139037","136339",
"해운대구","총인구수[명]","명","379944","402154","407491","408842","407562","401663","403585","403432","404599","418875","423816","424455","424974","426729","425618","428188","425536","423531","422818","419853","412039","409347","406102","402169","396438","386785","380448","376404",
"해운대구","남자인구수[명]","명","188710","199723","202269","202655","201839","198775","199483","199107","199351","206075","208322","208284","208273","208787","208071","208973","207384","206336","205811","203814","199630","197871","195960","193618","190624","185514","182289","180283",
"해운대구","여자인구수[명]","명","191234","202431","205222","206187","205723","202888","204102","204325","205248","212800","215494","216171","216701","217942","217547","219215","218152","217195","217007","216039","212409","211476","210142","208551","205814","201271","198159","196121",
"사하구","총인구수[명]","명","392514","391758","389570","388020","383864","378236","375283","374248","371909","366865","364693","365368","359800","358730","355443","352726","349110","343371","337781","334603","333301","327791","321004","311757","306003","301987","297831","292491",
"사하구","남자인구수[명]","명","196802","196453","195194","194306","192373","189541","188014","187366","186053","183487","182588","182810","180207","179855","178160","176689","174748","171769","168860","167290","166434","163766","160101","155228","152197","150009","147805","145062",
"사하구","여자인구수[명]","명","195712","195305","194376","193714","191491","188695","187269","186882","185856","183378","182105","182558","179593","178875","177283","176037","174362","171602","168921","167313","166867","164025","160903","156529","153806","151978","150026","147429",
"금정구","총인구수[명]","명","301970","297844","294560","292187","285760","278511","274696","271046","264880","263338","258934","256398","252039","255419","254720","255692","253526","249856","246026","244624","244469","242956","239062","232666","228049","221256","215590","209932",
"금정구","남자인구수[명]","명","150639","148570","146838","145454","142221","138627","136563","134581","131230","130463","128224","126795","124628","126247","125734","126142","125009","123091","120957","120291","120153","119261","117070","113595","111513","108085","105149","102206",
"금정구","여자인구수[명]","명","151331","149274","147722","146733","143539","139884","138133","136465","133650","132875","130710","129603","127411","129172","128986","129550","128517","126765","125069","124333","124316","123695","121992","119071","116536","113171","110441","107726",
"강서구","총인구수[명]","명","68828","67244","64268","62137","60457","58288","56415","54711","53808","53169","51819","52156","60372","62594","64733","65806","69873","79619","94608","108909","117382","122957","129566","137957","142918","143207","142396","142789",
"강서구","남자인구수[명]","명","35299","34596","33084","32113","31330","30323","29436","28600","28165","27886","27188","27457","31539","32747","33785","34368","36413","41412","49032","56287","60677","63491","66982","71245","74047","74248","73821","73956",
"강서구","여자인구수[명]","명","33529","32648","31184","30024","29127","27965","26979","26111","25643","25283","24631","24699","28833","29847","30948","31438","33460","38207","45576","52622","56705","59466","62584","66712","68871","68959","68575","68833",
"연제구","총인구수[명]","명","232641","225983","226854","223344","226267","228268","225473","221853","217763","214809","212658","212810","210390","212696","213326","211536","209290","208012","210718","207268","206742","207840","209395","209157","207144","203536","205766","212589",
"연제구","남자인구수[명]","명","116315","112921","113203","111501","112962","113891","112435","110526","108391","106674","105317","105221","104142","105243","105483","104471","103174","102403","103507","101330","100613","100789","101253","100700","99761","97604","98344","101514",
"연제구","여자인구수[명]","명","116326","113062","113651","111843","113305","114377","113038","111327","109372","108135","107341","107589","106248","107453","107843","107065","106116","105609","107211","105938","106129","107051","108142","108457","107383","105932","107422","111075",
"수영구","총인구수[명]","명","193938","189461","186480","184743","181075","177881","177119","180576","178684","177814","178253","177140","177292","178267","176691","176666","175098","178480","179795","179324","179996","176246","176148","176894","175095","174806","174518","171918",
"수영구","남자인구수[명]","명","95389","93199","91725","90612","88837","87023","86598","88027","87010","86582","86584","86083","85939","86304","85338","85230","84361","85773","86077","85573","85778","83852","83565","83573","82609","82144","81901","80422",
"수영구","여자인구수[명]","명","98549","96262","94755","94131","92238","90858","90521","92549","91674","91232","91669","91057","91353","91963","91353","91436","90737","92707","93718","93751","94218","92394","92583","93321","92486","92662","92617","91496",
"사상구","총인구수[명]","명","292449","290621","296142","301127","300309","294090","287938","282097","277481","271484","265512","260897","255274","257843","254413","250424","246797","242953","237711","232800","229219","223361","218094","212586","208298","203789","202932","198635",
"사상구","남자인구수[명]","명","148672","147760","150391","153024","152453","149368","146301","143335","140867","138044","135053","132808","129969","131618","129863","127701","125900","123783","120981","118419","116416","113240","110286","107405","105034","102544","101865","99549",
"사상구","여자인구수[명]","명","143777","142861","145751","148103","147856","144722","141637","138762","136614","133440","130459","128089","125305","126225","124550","122723","120897","119170","116730","114381","112803","110121","107808","105181","103264","101245","101067","99086",
"기장군","총인구수[명]","명","74139","74456","74125","74324","76166","76384","77632","79788","80104","79334","79565","81159","89384","102557","108095","114566","132507","144748","153093","158527","161651","164864","164716","174545","177125","178614","178729","175626",
"기장군","남자인구수[명]","명","36767","36851","36731","36824","37779","37953","38608","39747","39980","39660","39844","40628","44713","51211","53840","56941","65619","71581","75755","78373","80067","81598","81571","86439","87691","88426","88536","87022",
"기장군","여자인구수[명]","명","37372","37605","37394","37500","38387","38431","39024","40041","40124","39674","39721","40531","44671","51346","54255","57625","66888","73167","77338","80154","81584","83266","83145","88106","89434","90188","90193","88604",
"대구광역시","총인구수[명]","명","2488346","2493440","2505710","2524253","2525109","2525803","2529544","2524712","2511306","2496115","2493261","2492724","2489781","2511676","2507271","2505644","2501588","2493264","2487829","2484557","2475231","2461769","2438031","2418346","2385412","2363691","2374960","2363629",
"대구광역시","남자인구수[명]","명","1250442","1253073","1259384","1268348","1268488","1268530","1269880","1266254","1259092","1250849","1248233","1246873","1243878","1255245","1251577","1249320","1246071","1241119","1237291","1234169","1227814","1219342","1205286","1193109","1175632","1162865","1166803","1159601",
"대구광역시","여자인구수[명]","명","1237904","1240367","1246326","1255905","1256621","1257273","1259664","1258458","1252214","1245266","1245028","1245851","1245903","1256431","1255694","1256324","1255517","1252145","1250538","1250388","1247417","1242427","1232745","1225237","1209780","1200826","1208157","1204028",
"중구","총인구수[명]","명","103081","99311","95498","91880","89577","87070","83517","79911","80081","78615","79093","78824","77585","77857","76600","75439","76246","78812","80928","79712","78986","79401","77421","76547","74791","80199","89064","97711",
"중구","남자인구수[명]","명","50879","49036","47262","45503","44388","43040","41293","39474","39631","38833","39015","38845","38180","38299","37616","36980","37276","38444","39492","38720","38395","38498","37384","36799","35948","38460","42629","46789",
"중구","여자인구수[명]","명","52202","50275","48236","46377","45189","44030","42224","40437","40450","39782","40078","39979","39405","39558","38984","38459","38970","40368","41436","40992","40591","40903","40037","39748","38843","41739","46435","50922",
"동구","총인구수[명]","명","343934","342458","340649","338052","336272","333134","339511","344328","344082","337902","336049","330996","331421","337529","341206","342092","343802","347975","349728","351352","349379","351291","345469","341920","341436","339530","342813","342339",
"동구","남자인구수[명]","명","173347","172575","171633","170255","169351","167732","170850","172949","172906","169808","168710","165937","165910","169124","170918","171161","171738","173633","174224","174663","173301","173955","170601","168443","167888","166741","167928","167438",
"동구","여자인구수[명]","명","170587","169883","169016","167797","166921","165402","168661","171379","171176","168094","167339","165059","165511","168405","170288","170931","172064","174342","175504","176689","176078","177336","174868","173477","173548","172789","174885","174901",
"서구","총인구수[명]","명","317944","302773","293012","286197","280075","272752","264699","258098","251004","243560","237757","228720","225193","224618","222619","220211","215399","210770","206028","199507","191992","184372","175277","170700","164528","159827","164088","163135",
"서구","남자인구수[명]","명","161565","153964","149201","145654","142715","138895","134565","130933","127416","123786","120792","116348","114448","114300","113135","111782","109196","106740","104213","100760","96795","92796","88052","85572","82241","79580","81498","80882",
"서구","여자인구수[명]","명","156379","148809","143811","140543","137360","133857","130134","127165","123588","119774","116965","112372","110745","110318","109484","108429","106203","104030","101815","98747","95197","91576","87225","85128","82287","80247","82590","82253",
"남구","총인구수[명]","명","209874","203050","201433","196286","192629","189725","185566","181381","180011","180481","178530","175317","171873","171197","169095","168715","166062","163492","160852","156433","152845","150501","148113","146632","143175","141519","139187","136263",
"남구","남자인구수[명]","명","103457","100157","99223","96692","94809","93089","90934","88801","88039","88364","87370","85763","84121","83880","82674","82455","81060","79758","78305","76147","74133","72664","71366","70471","68799","67842","66512","65008",
"남구","여자인구수[명]","명","106417","102893","102210","99594","97820","96636","94632","92580","91972","92117","91160","89554","87752","87317","86421","86260","85002","83734","82547","80286","78712","77837","76747","76161","74376","73677","72675","71255",
"북구","총인구수[명]","명","392570","392603","404053","409353","414305","435209","446318","459741","464559","468030","463056","461518","453367","452505","449775","448485","444359","444375","443119","440383","441375","439489","437710","440263","437008","430912","419624","413010",
"북구","남자인구수[명]","명","198503","198521","204247","206886","209100","219669","225104","231858","234077","235723","232933","232097","227876","227546","225858","225108","222780","222664","221876","220247","220579","219307","218150","219197","217420","214151","208178","204630",
"북구","여자인구수[명]","명","194067","194082","199806","202467","205205","215540","221214","227883","230482","232307","230123","229421","225491","224959","223917","223377","221579","221711","221243","220136","220796","220182","219560","221066","219588","216761","211446","208380",
"수성구","총인구수[명]","명","468759","462205","460485","459658","456487","446879","448430","443881","437356","440172","447164","451732","456196","461988","461083","459779","461004","456505","451786","447011","439211","432759","428614","424314","417097","411553","407331","409107",
"수성구","남자인구수[명]","명","233915","230606","229683","228998","227371","222779","223314","220678","216981","218016","221136","223016","224599","227298","226551","225429","225950","223495","220898","218317","213939","210621","208024","205293","201689","198731","196277","196815",
"수성구","여자인구수[명]","명","234844","231599","230802","230660","229116","224100","225116","223203","220375","222156","226028","228716","231597","234690","234532","234350","235054","233010","230888","228694","225272","222138","220590","219021","215408","212822","211054","212292",
"달서구","총인구수[명]","명","514729","552170","567715","588546","599664","605433","603949","601467","595860","589041","591169","594616","598011","607083","606542","606557","610358","606433","602641","591891","578068","573413","568887","558631","544926","536989","527781","522021",
"달서구","남자인구수[명]","명","257829","276780","284833","295409","300833","303697","302948","301566","298710","295184","296122","297356","298865","303462","302775","302340","303952","301846","299818","294121","286779","284127","281348","275626","268498","263961","258933","255813",
"달서구","여자인구수[명]","명","256900","275390","282882","293137","298831","301736","301001","299901","297150","293857","295047","297260","299146","303621","303767","304217","306406","304587","302823","297770","291289","289286","287539","283005","276428","273028","268848","266208",
"달성군","총인구수[명]","명","137455","138870","142865","154281","156100","155601","157554","155905","158353","158314","160443","171001","176135","178899","180351","184366","184358","184902","192747","218268","243375","250543","256540","259339","262451","263162","262084","257580",
"달성군","남자인구수[명]","명","70947","71434","73302","78951","79921","79629","80872","79995","81332","81135","82155","87511","89879","91336","92050","94065","94119","94539","98465","111194","123893","127374","130361","131708","133149","133399","132962","130613",
"달성군","여자인구수[명]","명","66508","67436","69563","75330","76179","75972","76682","75910","77021","77179","78288","83490","86256","87563","88301","90301","90239","90363","94282","107074","119482","123169","126179","127631","129302","129763","129122","126967",
"군위군","총인구수[명]","명","","","","","","","","","","","","","","","","","","","","","","","","","","","22988","22463",
"군위군","남자인구수[명]","명","","","","","","","","","","","","","","","","","","","","","","","","","","","11886","11613",
"군위군","여자인구수[명]","명","","","","","","","","","","","","","","","","","","","","","","","","","","","11102","10850",
"인천광역시","총인구수[명]","명","2445613","2485199","2509086","2545769","2564598","2577989","2570194","2578817","2600495","2624391","2664576","2692696","2710579","2758296","2801274","2843981","2879782","2902608","2925815","2943069","2948542","2954642","2957026","2942828","2948375","2967314","2997410","3021010",
"인천광역시","남자인구수[명]","명","1233907","1253485","1266057","1284769","1294400","1301499","1296989","1300343","1310759","1323375","1342975","1356473","1364809","1390356","1410980","1431593","1448835","1459074","1469869","1477671","1479597","1481844","1482249","1473943","1476373","1485175","1499016","1509243",
"인천광역시","여자인구수[명]","명","1211706","1231714","1243029","1261000","1270198","1276490","1273205","1278474","1289736","1301016","1321601","1336223","1345770","1367940","1390294","1412388","1430947","1443534","1455946","1465398","1468945","1472798","1474777","1468885","1472002","1482139","1498394","1511767",
"중구","총인구수[명]","명","73404","73550","72368","71522","73637","78375","85415","89993","92300","91916","89768","88713","89688","92890","93581","98648","107774","111929","114493","115249","117999","122499","135135","139729","143633","152931","158958","167113",
"중구","남자인구수[명]","명","36942","37061","36525","36217","37350","39768","43390","45913","47447","47328","46131","45741","46266","48282","48759","51332","55812","57889","59331","59839","61344","63700","70063","72485","74679","79359","82334","86397",
"중구","여자인구수[명]","명","36462","36489","35843","35305","36287","38607","42025","44080","44853","44588","43637","42972","43422","44608","44822","47316","51962","54040","55162","55410","56655","58799","65072","67244","68954","73572","76624","80716",
"중구영종출장소","총인구수[명]","명","","","","","","","","","","","","","","","","","","","","","","","","0","","0","0","0",
"중구영종출장소","남자인구수[명]","명","","","","","","","","","","","","","","","","","","","","","","","","0","","0","0","0",
"중구영종출장소","여자인구수[명]","명","","","","","","","","","","","","","","","","","","","","","","","","0","","0","0","0",
"중구용유출장소","총인구수[명]","명","","","","","","","","","","","","","","","","","","","","","","","","0","","0","0","0",
"중구용유출장소","남자인구수[명]","명","","","","","","","","","","","","","","","","","","","","","","","","0","","0","0","0",
"중구용유출장소","여자인구수[명]","명","","","","","","","","","","","","","","","","","","","","","","","","0","","0","0","0",
"동구","총인구수[명]","명","91168","82277","79764","76057","75788","74747","80966","81243","78128","75699","74087","74866","77308","79663","78692","76720","75093","73978","72571","71014","69487","66233","64427","62542","61486","58999","59482","58296",
"동구","남자인구수[명]","명","46002","41504","40282","38410","38378","37827","40866","40952","39391","38152","37378","37813","38923","40254","39694","38703","37816","37354","36605","35833","35057","33433","32536","31575","30998","29691","29805","29218",
"동구","여자인구수[명]","명","45166","40773","39482","37647","37410","36920","40100","40291","38737","37547","36709","37053","38385","39409","38998","38017","37277","36624","35966","35181","34430","32800","31891","30967","30488","29308","29677","29078",
"남구","총인구수[명]","명","423866","418074","418156","420348","425371","432716","433138","430889","420403","416672","412379","420741","419935","423876","417996","414500","411330","408305","404893","417103","419267","","","","","","","",
"남구","남자인구수[명]","명","213714","210821","211027","212137","214725","218803","219143","217912","212531","210954","208741","212854","212412","214258","211175","209429","207831","206227","204518","210433","211602","","","","","","","",
"남구","여자인구수[명]","명","210152","207253","207129","208211","210646","213913","213995","212977","207872","205718","203638","207887","207523","209618","206821","205071","203499","202078","200375","206670","207665","","","","","","","",
"미추홀구","총인구수[명]","명","","","","","","","","","","","","","","","","","","","","","","416542","408862","404343","407464","406004","405995","412274",
"미추홀구","남자인구수[명]","명","","","","","","","","","","","","","","","","","","","","","","210088","206129","203638","205283","204354","204247","207449",
"미추홀구","여자인구수[명]","명","","","","","","","","","","","","","","","","","","","","","","206454","202733","200705","202181","201650","201748","204825",
"연수구","총인구수[명]","명","253270","259862","261202","262319","261038","259254","257564","255998","265658","271010","268780","268668","271497","279230","287903","292589","300305","310703","319052","328627","335142","346359","366550","387450","389644","385796","392416","400213",
"연수구","남자인구수[명]","명","126548","129967","130641","131380","130831","129976","129030","128146","133129","135870","134818","134761","136078","140216","144277","146499","150157","155161","159287","163753","166878","172298","182374","192570","193417","191405","194599","198116",
"연수구","여자인구수[명]","명","126722","129895","130561","130939","130207","129278","128534","127852","132529","135140","133962","133907","135419","139014","143626","146090","150148","155542","159765","164874","168264","174061","184176","194880","196227","194391","197817","202097",
"남동구","총인구수[명]","명","392753","396499","397462","407845","407615","403574","392478","384244","379310","390044","425217","450054","463414","473423","495469","503597","507021","514656","531395","530982","536578","537161","532704","525354","518272","506181","492415","486225",
"남동구","남자인구수[명]","명","198136","199907","200634","205841","205772","203707","198022","193486","190765","195954","213301","225247","231501","236568","247604","251391","253179","256882","264986","264714","267290","267426","264955","260923","257468","251394","244530","241220",
"남동구","여자인구수[명]","명","194617","196592","196828","202004","201843","199867","194456","190758","188545","194090","211916","224807","231913","236855","247865","252206","253842","257774","266409","266268","269288","269735","267749","264431","260804","254787","247885","245005",
"부평구","총인구수[명]","명","501503","519839","528339","546520","552093","558310","554027","557144","567347","570283","568905","569246","563920","567493","560936","559047","556985","556992","555844","549716","539941","524640","511577","494962","486765","489118","494138","493200",
"부평구","남자인구수[명]","명","253765","262662","266946","275868","278328","281385","278574","279824","284528","286190","285303","285335","282639","284701","280854","279725","278352","277916","276826","273356","268118","260144","253338","244713","240348","241285","243292","242457",
"부평구","여자인구수[명]","명","247738","257177","261393","270652","273765","276925","275453","277320","282819","284093","283602","283911","281281","282792","280082","279322","278633","279076","279018","276360","271823","264496","258239","250249","246417","247833","250846","250743",
"계양구","총인구수[명]","명","313930","326220","332236","337077","339696","341074","340175","337103","335435","342335","342564","342299","344039","347810","344299","342202","343806","339538","334332","330284","323784","312680","303471","296750","295696","288856","280266","280227",
"계양구","남자인구수[명]","명","158483","164499","167550","169983","171201","171827","171225","169658","168687","172173","172258","171957","172753","174791","173225","171886","172539","170238","167579","165301","161925","156128","151569","147976","147316","143881","139459","139318",
"계양구","여자인구수[명]","명","155447","161721","164686","167094","168495","169247","168950","167445","166748","170162","170306","170342","171286","173019","171074","170316","171267","169300","166753","164983","161859","156552","151902","148774","148380","144975","140807","140909",
"서구","총인구수[명]","명","312839","326386","337579","342973","348450","350121","347117","362269","380916","384431","399430","393346","395508","408068","436134","469887","490035","498686","504606","510733","516017","538596","544556","542040","555380","589013","624358","634064",
"서구","남자인구수[명]","명","159083","165910","171432","174363","177331","178325","177009","184290","193626","195466","202885","199837","200961","207656","221363","238013","247938","252156","254943","258117","260649","272153","274942","273778","280398","297120","314541","319008",
"서구","여자인구수[명]","명","153756","160476","166147","168610","171119","171796","170108","177979","187290","188965","196545","193509","194547","200412","214771","231874","242097","246530","249663","252616","255368","266443","269614","268262","274982","291893","309817","315056",
"서구검단출장소","총인구수[명]","명","","","","","","","","","","","","","","","","","","","","","","","","0","","0","0","0",
"서구검단출장소","남자인구수[명]","명","","","","","","","","","","","","","","","","","","","","","","","","0","","0","0","0",
"서구검단출장소","여자인구수[명]","명","","","","","","","","","","","","","","","","","","","","","","","","0","","0","0","0",
"강화군","총인구수[명]","명","69539","68572","67924","67100","66860","65698","65044","65114","65389","65510","66466","67387","67049","67104","66779","66752","66735","67118","67667","68010","68754","68896","69178","69203","69693","69803","69005","69402",
"강화군","남자인구수[명]","명","34495","34127","33896","33441","33315","32667","32409","32511","32576","32631","33154","33650","33504","33526","33388","33415","33520","33657","33916","34170","34509","34546","34665","34644","34868","34918","34566","34707",
"강화군","여자인구수[명]","명","35044","34445","34028","33659","33545","33031","32635","32603","32813","32879","33312","33737","33545","33578","33391","33337","33215","33461","33751","33840","34245","34350","34513","34559","34825","34885","34439","34695",
"옹진군","총인구수[명]","명","13341","13920","14056","14008","14050","14120","14270","14820","15609","16491","16980","17376","18221","18739","19485","20039","20698","20703","20962","21351","21573","21036","20566","20455","20342","20613","20377","19996",
"옹진군","남자인구수[명]","명","6739","7027","7124","7129","7169","7214","7321","7651","8079","8657","9006","9278","9772","10104","10641","11200","11691","11594","11878","12155","12225","11928","11678","11641","11598","11768","11643","11353",
"옹진군","여자인구수[명]","명","6602","6893","6932","6879","6881","6906","6949","7169","7530","7834","7974","8098","8449","8635","8844","8839","9007","9109","9084","9196","9348","9108","8888","8814","8744","8845","8734","8643",
"광주광역시","총인구수[명]","명","1323863","1339441","1356612","1371909","1383765","1397452","1395762","1401172","1401745","1407798","1413444","1422702","1433640","1454636","1463464","1469216","1472910","1475884","1472199","1469214","1463770","1459336","1456468","1450062","1441611","1431050","1419237","1408422",
"광주광역시","남자인구수[명]","명","656596","665166","673853","681570","687267","693937","693149","695479","695687","698664","701561","705817","711091","721780","725606","728406","730216","731339","729662","728137","725295","722581","720740","717348","713015","707299","700896","695224",
"광주광역시","여자인구수[명]","명","667267","674275","682759","690339","696498","703515","702613","705693","706058","709134","711883","716885","722549","732856","737858","740810","742694","744545","742537","741077","738475","736755","735728","732714","728596","723751","718341","713198",
"동구","총인구수[명]","명","139142","133077","128038","123647","119182","117225","116486","117733","114480","114086","115066","109963","107772","104449","106495","105580","103016","100786","98784","95791","95448","94475","98585","102897","103470","105909","107176","106203",
"동구","남자인구수[명]","명","68882","65891","63507","61483","59270","58196","57783","58324","56917","56735","57347","54988","53791","52221","53286","52888","51584","50382","49362","47823","47579","46902","48799","50810","51046","52305","52830","52218",
"동구","여자인구수[명]","명","70260","67186","64531","62164","59912","59029","58703","59409","57563","57351","57719","54975","53981","52228","53209","52692","51432","50404","49422","47968","47869","47573","49786","52087","52424","53604","54346","53985",
"서구","총인구수[명]","명","241761","248213","267116","287867","300999","312205","313808","315987","311511","309362","307072","304885","299825","303219","317936","316545","315276","310317","305028","309579","306957","304172","300975","296576","291231","287401","283991","279050",
"서구","남자인구수[명]","명","119982","123238","132427","142381","148673","154222","154993","155998","153814","152615","151441","150315","147651","149345","156398","155783","155104","152605","149987","152246","150977","149540","147671","145374","142721","140726","138939","136429",
"서구","여자인구수[명]","명","121779","124975","134689","145486","152326","157983","158815","159989","157697","156747","155631","154570","152174","153874","161538","160762","160172","157712","155041","157333","155980","154632","153304","151202","148510","146675","145052","142621",
"남구","총인구수[명]","명","248276","244382","237138","231501","226143","221357","216102","213321","214524","211744","209024","213073","213697","216863","219041","218313","216254","219815","221318","219729","218454","216369","218060","214579","215575","212379","209646","207597",
"남구","남자인구수[명]","명","121474","119933","116392","113803","111081","108725","106111","104650","104971","103556","102036","103919","104113","105612","106382","105840","104891","106477","107110","106288","105580","104337","105027","103257","103542","101881","100350","99247",
"남구","여자인구수[명]","명","126802","124449","120746","117698","115062","112632","109991","108671","109553","108188","106988","109154","109584","111251","112659","112473","111363","113338","114208","113441","112874","112032","113033","111322","112033","110498","109296","108350",
"북구","총인구수[명]","명","464445","473148","476833","475992","474409","471364","462384","458030","454241","460985","466181","474121","469410","466866","444483","443677","445489","447685","446316","441066","438780","439773","433533","430431","427114","424707","421683","423961",
"북구","남자인구수[명]","명","230322","234738","236804","236514","235629","234314","229748","227385","225442","228959","231639","235363","233241","232226","221173","220615","221433","222622","221958","219300","217966","218323","215260","213611","211999","210416","208679","209598",
"북구","여자인구수[명]","명","234123","238410","240029","239478","238780","237050","232636","230645","228799","232026","234542","238758","236169","234640","223310","223062","224056","225063","224358","221766","220814","221450","218273","216820","215115","214291","213004","214363",
"광산구","총인구수[명]","명","230239","240621","247487","252902","263032","275301","286982","296101","306989","311621","316101","320660","342936","363239","375509","385101","392875","397281","400753","403049","404131","404547","405315","405579","404221","400654","396741","391611",
"광산구","남자인구수[명]","명","115936","121366","124723","127389","132614","138480","144514","149122","154543","156799","159098","161232","172295","182376","188367","193280","197204","199253","201245","202480","203193","203479","203983","204296","203707","201971","200098","197732",
"광산구","여자인구수[명]","명","114303","119255","122764","125513","130418","136821","142468","146979","152446","154822","157003","159428","170641","180863","187142","191821","195671","198028","199508","200569","200938","201068","201332","201283","200514","198683","196643","193879",
"대전광역시","총인구수[명]","명","1318212","1341413","1363546","1385606","1403164","1419573","1432296","1443471","1454638","1466158","1475659","1480895","1484180","1503664","1515603","1524583","1532811","1531809","1518775","1514370","1502227","1489936","1474870","1463882","1452251","1446072","1442216","1439157",
"대전광역시","남자인구수[명]","명","663060","674563","685460","695881","704489","712653","718968","724588","729818","735595","739472","741611","743121","753648","759188","763671","767309","766497","759778","757289","750969","744338","736607","730699","724626","721245","719292","717291",
"대전광역시","여자인구수[명]","명","655152","666850","678086","689725","698675","706920","713328","718883","724820","730563","736187","739284","741059","750016","756415","760912","765502","765312","758997","757081","751258","745598","738263","733183","727625","724827","722924","721866",
"동구","총인구수[명]","명","261568","260749","255215","252684","246824","240487","240212","238532","234724","236504","244496","245973","246116","248835","251285","251945","250653","245493","239579","234959","230516","229071","226771","223021","222222","219751","217628","218513",
"동구","남자인구수[명]","명","132291","132027","129261","128055","125214","122112","121850","121027","119086","120142","124016","124816","124936","126414","127446","127582","126815","124263","121221","118911","116523","115735","114447","112416","111953","110590","109555","109950",
"동구","여자인구수[명]","명","129277","128722","125954","124629","121610","118375","118362","117505","115638","116362","120480","121157","121180","122421","123839","124363","123838","121230","118358","116048","113993","113336","112324","110605","110269","109161","108073","108563",
"중구","총인구수[명]","명","258992","259044","258748","267014","268306","265597","268351","265962","266635","263592","265430","264678","264035","265846","265502","264125","264913","261165","256186","252490","248933","244421","240473","235550","230341","227108","223256","225008",
"중구","남자인구수[명]","명","129510","129626","129433","133646","134132","132805","134173","132991","133370","131798","132626","132139","131811","132790","132531","131820","132053","129937","127485","125383","123492","121056","118864","116233","113507","111703","109626","110338",
"중구","여자인구수[명]","명","129482","129418","129315","133368","134174","132792","134178","132971","133265","131794","132804","132539","132224","133056","132971","132305","132860","131228","128701","127107","125441","123365","121609","119317","116834","115405","113630","114670",
"서구","총인구수[명]","명","445009","463024","471871","476893","485363","496217","500551","508552","509225","505600","501935","499172","499297","499742","499124","496513","498917","496132","490859","491011","487448","484663","481222","477880","473365","470374","464634","457951",
"서구","남자인구수[명]","명","222318","231164","235169","237094","241143","246201","248225","252161","252130","250192","248015","246386","246234","246785","246278","245058","246019","244544","241924","242044","240298","238678","236851","235112","232714","230998","228024","224447",
"서구","여자인구수[명]","명","222691","231860","236702","239799","244220","250016","252326","256391","257095","255408","253920","252786","253063","252957","252846","251455","252898","251588","248935","248967","247150","245985","244371","242768","240651","239376","236610","233504",
"유성구","총인구수[명]","명","144497","150016","153501","157638","171732","187346","193974","203478","220767","243130","250523","259831","266585","281692","294353","306312","313968","327461","335312","343222","348428","349790","349373","351047","351277","356093","366845","369468",
"유성구","남자인구수[명]","명","73615","76291","78093","80122","87283","95055","98340","103166","111634","122922","126492","131143","134497","142156","148403","154669","158541","165264","169079","173072","175744","176412","176415","177240","177463","180166","185786","187149",
"유성구","여자인구수[명]","명","70882","73725","75408","77516","84449","92291","95634","100312","109133","120208","124031","128688","132088","139536","145950","151643","155427","162197","166233","170150","172684","173378","172958","173807","173814","175927","181059","182319",
"대덕구","총인구수[명]","명","208146","208580","224211","231377","230939","229926","229208","226947","223287","217332","213275","211241","208147","207549","205339","205688","204360","201558","196839","192688","186902","181991","177031","176384","175046","172746","169853","168217",
"대덕구","남자인구수[명]","명","105326","105455","113504","116964","116717","116480","116380","115243","113598","110541","108323","107127","105643","105503","104530","104542","103881","102489","100069","97879","94912","92457","90030","89698","88989","87788","86301","85407",
"대덕구","여자인구수[명]","명","102820","103125","110707","114413","114222","113446","112828","111704","109689","106791","104952","104114","102504","102046","100809","101146","100479","99069","96770","94809","91990","89534","87001","86686","86057","84958","83552","82810",
"울산광역시","총인구수[명]","명","1009652","1015249","1024336","1040225","1055618","1065037","1072867","1081453","1087648","1092494","1099995","1112407","1114866","1126298","1135494","1147256","1156480","1166377","1173534","1172304","1165132","1155623","1148019","1136017","1121592","1110663","1103661","1098049",
"울산광역시","남자인구수[명]","명","518930","520696","525098","533559","541907","546847","551084","555660","558866","561611","565897","572815","573607","579071","583825","590424","595319","600904","604889","603797","599480","593819","589712","583708","576217","570368","567153","564888",
"울산광역시","여자인구수[명]","명","490722","494553","499238","506666","513711","518190","521783","525793","528782","530883","534098","539592","541259","547227","551669","556832","561161","565473","568645","568507","565652","561804","558307","552309","545375","540295","536508","533161",
"중구","총인구수[명]","명","236306","232129","230046","232038","232911","234865","233629","235232","235417","234896","236573","233898","230212","232915","232634","233013","234607","238825","244481","242536","238652","231973","223581","217595","212883","208132","208668","207000",
"중구","남자인구수[명]","명","120977","118820","117622","118810","119376","120444","119726","120509","120551","120135","121076","119791","117951","119271","119120","119283","120003","122178","124915","123702","121578","117934","113526","110201","107736","105257","105547","104744",
"중구","여자인구수[명]","명","115329","113309","112424","113228","113535","114421","113903","114723","114866","114761","115497","114107","112261","113644","113514","113730","114604","116647","119566","118834","117074","114039","110055","107394","105147","102875","103121","102256",
"남구","총인구수[명]","명","320499","321480","326066","335409","344011","347695","347485","347323","347162","345769","342675","343922","343740","344131","343504","346836","349064","347759","343598","340714","335439","330732","323819","320064","313819","310638","307232","304885",
"남구","남자인구수[명]","명","163997","164313","166285","171046","175346","176986","176814","176942","176882","176265","174721","175514","175158","175439","174873","176596","177704","177310","175406","173960","171142","168494","165062","163198","160055","158374","156729","155771",
"남구","여자인구수[명]","명","156502","157167","159781","164363","168665","170709","170671","170381","170280","169504","167954","168408","168582","168692","168631","170240","171360","170449","168192","166754","164297","162238","158757","156866","153764","152264","150503","149114",
"동구","총인구수[명]","명","200317","189484","188192","186944","185951","186641","186135","185383","184599","185954","181844","176431","173841","170764","172172","175479","178468","176668","174963","174514","169605","164642","159656","156806","154096","151711","152287","150836",
"동구","남자인구수[명]","명","103878","98029","97382","96849","96711","97129","97060","96603","96189","97200","95389","92876","91316","89426","90269","92414","94227","93546","92793","92144","89005","86127","83391","81999","80417","79162","79411","78697",
"동구","여자인구수[명]","명","96439","91455","90810","90095","89240","89512","89075","88780","88410","88754","86455","83555","82525","81338","81903","83065","84241","83122","82170","82370","80600","78515","76265","74807","73679","72549","72876","72139",
"북구","총인구수[명]","명","104167","117184","118965","121073","122480","124515","131775","139165","146117","148772","155642","166469","171674","177488","182504","184088","185695","188733","191063","195285","200718","206434","217796","219014","218735","218670","216477","216522",
"북구","남자인구수[명]","명","54508","60945","61744","62920","63739","64802","68623","72504","76096","77373","80900","86385","88893","91631","94220","95130","95972","97540","98828","101096","103904","106750","112588","113392","113265","112993","112115","112339",
"북구","여자인구수[명]","명","49659","56239","57221","58153","58741","59713","63152","66661","70021","71399","74742","80084","82781","85857","88284","88958","89723","91193","92235","94189","96814","99684","105208","105622","105470","105677","104362","104183",
"울주군","총인구수[명]","명","148363","154972","161067","164761","170265","171321","173843","174350","174353","177103","183261","191687","195399","201000","204680","207840","208646","214392","219429","219255","220718","221842","223167","222538","222059","221512","218997","218806",
"울주군","남자인구수[명]","명","75570","78589","82065","83934","86735","87486","88861","89102","89148","90638","93811","98249","100289","103304","105343","107001","107413","110330","112947","112895","113851","114514","115145","114918","114744","114582","113351","113337",
"울주군","여자인구수[명]","명","72793","76383","79002","80827","83530","83835","84982","85248","85205","86465","89450","93438","95110","97696","99337","100839","101233","104062","106482","106360","106867","107328","108022","107620","107315","106930","105646","105469",
"세종특별자치시","총인구수[명]","명","","","","","","","","","","","","","","","","113117","122153","156125","210884","243048","280100","314126","340575","355831","371895","383591","386525","390685",
"세종특별자치시","남자인구수[명]","명","","","","","","","","","","","","","","","","57633","62205","78862","105752","121505","139734","156831","169845","177568","185678","191389","192524","194413",
"세종특별자치시","여자인구수[명]","명","","","","","","","","","","","","","","","","55484","59948","77263","105132","121543","140366","157295","170730","178263","186217","192202","194001","196272",
"세종시","총인구수[명]","명","","","","","","","","","","","","","","","","113117","122153","156125","210884","243048","280100","314126","340575","355831","371895","383591","386525","390685",
"세종시","남자인구수[명]","명","","","","","","","","","","","","","","","","57633","62205","78862","105752","121505","139734","156831","169845","177568","185678","191389","192524","194413",
"세종시","여자인구수[명]","명","","","","","","","","","","","","","","","","55484","59948","77263","105132","121543","140366","157295","170730","178263","186217","192202","194001","196272",
"경기도","총인구수[명]","명","8470594","8672632","8934332","9219343","9544496","9927473","10206851","10462920","10697215","10906033","11106211","11292264","11460610","11786622","11937415","12093299","12234630","12357830","12522606","12716780","12873895","13077153","13239666","13427014","13565450","13589432","13630821","13694685",
"경기도","남자인구수[명]","명","4286697","4383917","4513391","4658523","4822367","5012229","5150549","5277320","5395500","5499796","5598206","5690673","5773569","5942454","6015357","6091035","6159193","6219813","6299812","6395453","6475323","6577501","6659995","6754469","6827298","6839276","6855895","6882186",
"경기도","여자인구수[명]","명","4183897","4288715","4420941","4560820","4722129","4915244","5056302","5185600","5301715","5406237","5508005","5601591","5687041","5844168","5922058","6002264","6075437","6138017","6222794","6321327","6398572","6499652","6579671","6672545","6738152","6750156","6774926","6812499",
"수원시","총인구수[명]","명","798640","854084","910045","948065","974866","1019711","1032944","1033829","1045587","1068906","1067702","1067425","1073149","1077535","1088489","1120258","1148157","1174228","1184624","1194041","1202628","1201166","1194465","1186078","1183714","1190964","1197257","1193005",
"수원시","남자인구수[명]","명","402643","429761","457335","476843","490314","512940","519293","519130","524999","537044","536253","536059","539655","543233","548382","564008","578035","591384","596508","601152","605835","604918","601410","597076","595933","599619","602346","599668",
"수원시","여자인구수[명]","명","395997","424323","452710","471222","484552","506771","513651","514699","520588","531862","531449","531366","533494","534302","540107","556250","570122","582844","588116","592889","596793","596248","593055","589002","587781","591345","594911","593337",
"장안구","총인구수[명]","명","262984","266490","296723","309266","323368","346336","285539","283770","284176","289490","287474","285803","290798","293692","290999","291757","300908","301196","299016","296479","293828","286433","278377","273661","273835","270524","270849","274661",
"장안구","남자인구수[명]","명","131966","133689","148504","154806","162037","173616","143331","142486","142498","145185","143956","142982","146182","148033","146412","146797","151171","151415","150319","148987","147806","144163","140218","137807","137861","136095","136145","137747",
"장안구","여자인구수[명]","명","131018","132801","148219","154460","161331","172720","142208","141284","141678","144305","143518","142821","144616","145659","144587","144960","149737","149781","148697","147492","146022","142270","138159","135854","135974","134429","134704","136914",
"권선구","총인구수[명]","명","291489","296787","307883","321646","328962","328786","287059","287081","297045","307072","310553","308177","304097","306783","321176","332633","331773","339835","351053","358393","365653","377647","371754","368645","364136","367446","366167","362642",
"권선구","남자인구수[명]","명","147633","149954","155342","162311","165749","165704","144938","144657","149530","154736","156647","155358","153202","155025","162135","167746","167236","171360","176924","180766","184383","190493","187627","186050","183925","185682","184970","183188",
"권선구","여자인구수[명]","명","143856","146833","152541","159335","163213","163082","142121","142424","147515","152336","153906","152819","150895","151758","159041","164887","164537","168475","174129","177627","181270","187154","184127","182595","180211","181764","181197","179454",
"팔달구","총인구수[명]","명","244167","290807","305439","317153","322536","344589","216031","220842","218375","217794","216945","213235","219833","216503","209772","206794","204805","203479","199180","198515","193311","180974","175866","174930","182321","192610","197213","194397",
"팔달구","남자인구수[명]","명","123044","146118","153489","159726","162528","173620","107525","109719","108532","108251","107990","106260","109709","108330","105208","103635","102742","102115","100127","99947","97427","91091","88523","88180","91926","96997","99290","97756",
"팔달구","여자인구수[명]","명","121123","144689","151950","157427","160008","170969","108506","111123","109843","109543","108955","106975","110124","108173","104564","103159","102063","101364","99053","98568","95884","89883","87343","86750","90395","95613","97923","96641",
"영통구","총인구수[명]","명","","","","","","","244315","242136","245991","254550","252730","260210","258421","260557","266542","289074","310671","329718","335375","340654","349836","356112","368468","368842","363422","360384","363028","361305",
"영통구","남자인구수[명]","명","","","","","","","123499","122268","124439","128872","127660","131459","130562","131845","134627","145830","156886","166494","169138","171452","176219","179171","185042","185039","182221","180845","181941","180977",
"영통구","여자인구수[명]","명","","","","","","","120816","119868","121552","125678","125070","128751","127859","128712","131915","143244","153785","163224","166237","169202","173617","176941","183426","183803","181201","179539","181087","180328",
"성남시","총인구수[명]","명","923226","921227","921204","924390","932780","940974","962048","977166","983075","964831","953960","942447","962726","980190","979323","978615","979534","974608","971424","974580","967510","954347","942724","940064","930948","922518","919747","913009",
"성남시","남자인구수[명]","명","464303","463228","462585","464609","468407","472449","482893","490108","492825","483364","477252","471033","480310","489222","488586","488319","488219","485207","482864","483374","479225","472506","466644","465407","461131","456882","455137","451408",
"성남시","여자인구수[명]","명","458923","457999","458619","459781","464373","468525","479155","487058","490250","481467","476708","471414","482416","490968","490737","490296","491315","489401","488560","491206","488285","481841","476080","474657","469817","465636","464610","461601",
"수정구","총인구수[명]","명","261173","258028","257807","257048","257575","259763","260244","262170","261889","259427","256744","248452","242161","241070","236123","233997","228167","223539","219531","232841","236932","234133","234678","241701","235988","230460","235942","234877",
"수정구","남자인구수[명]","명","132468","130788","130719","130410","130567","131857","132124","133173","133010","131905","130522","126314","123280","122877","120382","119427","116445","114066","112045","118343","120180","118563","118631","122204","119517","116886","119496","118695",
"수정구","여자인구수[명]","명","128705","127240","127088","126638","127008","127906","128120","128997","128879","127522","126222","122138","118881","118193","115741","114570","111722","109473","107486","114498","116752","115570","116047","119497","116471","113574","116446","116182",
"중원구","총인구수[명]","명","281054","276600","273312","273913","273728","273671","274874","272105","269667","264971","263101","265137","259877","258093","254872","253883","256349","251982","250004","237909","230366","224885","220041","216131","210777","210505","210848","206978",
"중원구","남자인구수[명]","명","143002","140601","138955","139418","139528","139363","139986","138494","137341","134720","133658","134732","131921","131409","129734","129399","130299","127898","126657","120529","116610","113912","111444","109444","106772","106470","106515","104382",
"중원구","여자인구수[명]","명","138052","135999","134357","134495","134200","134308","134888","133611","132326","130251","129443","130405","127956","126684","125138","124484","126050","124084","123347","117380","113756","110973","108597","106687","104005","104035","104333","102596",
"분당구","총인구수[명]","명","380999","386599","390085","393429","401477","407540","426930","442891","451519","440433","434115","428858","460688","481027","488328","490735","495018","499087","501889","503830","500212","495329","488005","482232","484183","481553","472957","471154",
"분당구","남자인구수[명]","명","188833","191839","192911","194781","198312","201229","210783","218441","222474","216739","213072","209987","225109","234936","238470","239493","241475","243243","244162","244502","242435","240031","236569","233759","234842","233526","229126","228331",
"분당구","여자인구수[명]","명","192166","194760","197174","198648","203165","206311","216147","224450","229045","223694","221043","218871","235579","246091","249858","251242","253543","255844","257727","259328","257777","255298","251436","248473","249341","248027","243831","242823",
"의정부시","총인구수[명]","명","306585","327965","344780","361131","367171","378424","394803","397612","402410","410938","421853","430849","431008","431801","430400","429147","430976","431112","433937","438457","441584","447026","451868","461710","463661","463724","464213","461271",
"의정부시","남자인구수[명]","명","153168","163812","172289","180341","183398","188754","196534","197664","199896","204114","209353","213550","213596","213839","213071","212373","213109","212947","214396","216400","217944","220360","222590","227342","228538","228107","228163","226449",
"의정부시","여자인구수[명]","명","153417","164153","172491","180790","183773","189670","198269","199948","202514","206824","212500","217299","217412","217962","217329","216774","217867","218165","219541","222057","223640","226666","229278","234368","235123","235617","236050","234822",
"안양시","총인구수[명]","명","591522","586562","582584","581166","591670","595142","604505","621047","625350","624280","624197","620279","616547","621714","615642","611412","607877","600809","597789","597414","587764","576831","567044","550027","547178","548228","544660","556492",
"안양시","남자인구수[명]","명","296631","294048","292039","291832","297371","298526","302804","310844","312890","312043","311702","309566","307808","310476","307313","305066","302983","299250","297422","296959","291751","285816","280652","271936","270496","270878","268911","274453",
"안양시","여자인구수[명]","명","294891","292514","290545","289334","294299","296616","301701","310203","312460","312237","312495","310713","308739","311238","308329","306346","304894","301559","300367","300455","296013","291015","286392","278091","276682","277350","275749","282039",
"만안구","총인구수[명]","명","256321","252866","251126","254871","261508","269302","266852","265601","267789","267612","265881","262820","262258","266261","263077","253492","250246","247315","247270","252353","254977","251512","244235","239413","238311","234394","230664","229971",
"만안구","남자인구수[명]","명","129089","127449","126669","128707","132190","135960","134482","133740","134670","134646","133748","132345","132118","134339","132575","127874","126114","124536","124394","126793","127999","126059","122326","119864","119239","117092","115122","114673",
"만안구","여자인구수[명]","명","127232","125417","124457","126164","129318","133342","132370","131861","133119","132966","132133","130475","130140","131922","130502","125618","124132","122779","122876","125560","126978","125453","121909","119549","119072","117302","115542","115298",
"동안구","총인구수[명]","명","335201","333696","331458","326295","330162","325840","337653","355446","357561","356668","358316","357459","354289","355453","352565","357920","357631","353494","350519","345061","332787","325319","322809","310614","308867","313834","313996","326521",
"동안구","남자인구수[명]","명","167542","166599","165370","163125","165181","162566","168322","177104","178220","177397","177954","177221","175690","176137","174738","177192","176869","174714","173028","170166","163752","159757","158326","152072","151257","153786","153789","159780",
"동안구","여자인구수[명]","명","167659","167097","166088","163170","164981","163274","169331","178342","179341","179271","180362","180238","178599","179316","177827","180728","180762","178780","177491","174895","169035","165562","164483","158542","157610","160048","160207","166741",
"부천시","총인구수[명]","명","788136","778789","775573","775815","781091","816499","844256","855697","855359","860020","864037","867678","869944","875204","872452","869944","863720","855586","848987","851380","850329","843768","829996","818383","806067","790128","779968","769918",
"부천시","남자인구수[명]","명","399036","393855","392180","392516","395247","412438","425777","431005","430562","432680","434114","435849","436334","439548","437885","436113","432691","428251","424315","425101","424038","420179","412500","406023","399484","391102","385531","380064",
"부천시","여자인구수[명]","명","389100","384934","383393","383299","385844","404061","418479","424692","424797","427340","429923","431829","433610","435656","434567","433831","431029","427335","424672","426279","426291","423589","417496","412360","406583","399026","394437","389854",
"원미구","총인구수[명]","명","","","","","","","","","","","","","","","","","","","","","","","","","","","","389983",
"원미구","남자인구수[명]","명","","","","","","","","","","","","","","","","","","","","","","","","","","","","191526",
"원미구","여자인구수[명]","명","","","","","","","","","","","","","","","","","","","","","","","","","","","","198457",
"소사구","총인구수[명]","명","","","","","","","","","","","","","","","","","","","","","","","","","","","","227911",
"소사구","남자인구수[명]","명","","","","","","","","","","","","","","","","","","","","","","","","","","","","111851",
"소사구","여자인구수[명]","명","","","","","","","","","","","","","","","","","","","","","","","","","","","","116060",
"원미구","총인구수[명]","명","394020","389560","388385","389189","388754","424021","441491","444837","443365","443964","443290","441795","447136","448602","446247","446604","444207","442638","442898","","","","","","","","","",
"원미구","남자인구수[명]","명","199406","196745","195836","196385","196254","213463","221687","223201","222336","222484","221870","220717","223130","224066","222850","222740","221593","220615","220266","","","","","","","","","",
"원미구","여자인구수[명]","명","194614","192815","192549","192804","192500","210558","219804","221636","221029","221480","221420","221078","224006","224536","223397","223864","222614","222023","222632","","","","","","","","","",
"오정구","총인구수[명]","명","","","","","","","","","","","","","","","","","","","","","","","","","","","","152024",
"오정구","남자인구수[명]","명","","","","","","","","","","","","","","","","","","","","","","","","","","","","76687",
"오정구","여자인구수[명]","명","","","","","","","","","","","","","","","","","","","","","","","","","","","","75337",
"소사구","총인구수[명]","명","209037","204039","200913","198278","201227","201594","212857","221932","224246","227368","227484","230155","229335","230557","232190","231363","229959","226400","222016","","","","","","","","","",
"소사구","남자인구수[명]","명","105445","102937","101505","100130","101667","101784","107311","111766","112848","114299","114182","115705","114995","115697","116290","115634","114659","112743","110396","","","","","","","","","",
"소사구","여자인구수[명]","명","103592","101102","99408","98148","99560","99810","105546","110166","111398","113069","113302","114450","114340","114860","115900","115729","115300","113657","111620","","","","","","","","","",
"오정구","총인구수[명]","명","185079","185190","186275","188348","191110","190884","189908","188928","187748","188688","193263","195728","193473","196045","194015","191977","189554","186548","184073","","","","","","","","","",
"오정구","남자인구수[명]","명","94185","94173","94839","96001","97326","97191","96779","96038","95378","95897","98062","99427","98209","99785","98745","97739","96439","94893","93653","","","","","","","","","",
"오정구","여자인구수[명]","명","90894","91017","91436","92347","93784","93693","93129","92890","92370","92791","95201","96301","95264","96260","95270","94238","93115","91655","90420","","","","","","","","","",
"광명시","총인구수[명]","명","342630","343933","340021","338139","336309","340807","336083","331419","327828","313372","313019","310501","314257","343982","355226","355560","353100","348560","344978","339484","332790","326841","316552","298599","292893","287945","280197","278167",
"광명시","남자인구수[명]","명","171742","172461","170664","169766","168821","170860","168114","165496","163751","156469","156118","154721","156349","171115","176556","176365","175031","172768","171180","168241","164878","161734","156405","147278","144384","141632","137512","136261",
"광명시","여자인구수[명]","명","170888","171472","169357","168373","167488","169947","167969","165923","164077","156903","156901","155780","157908","172867","178670","179195","178069","175792","173798","171243","167912","165107","160147","151321","148509","146313","142685","141906",
"평택시","총인구수[명]","명","346008","346694","352181","356103","358263","358531","364979","370653","383976","396765","402458","406721","410042","419457","426886","434305","442034","449555","460532","470832","481530","495642","513027","537307","564288","578529","591022","598556",
"평택시","남자인구수[명]","명","174529","174641","177374","179589","180952","181381","184700","187930","195046","201468","204480","206604","208097","212580","216624","220715","224729","228958","234685","240345","246618","254336","264012","277617","293954","303283","310473","314231",
"평택시","여자인구수[명]","명","171479","172053","174807","176514","177311","177150","180279","182723","188930","195297","197978","200117","201945","206877","210262","213590","217305","220597","225847","230487","234912","241306","249015","259690","270334","275246","280549","284325",
"송탄출장소","총인구수[명]","명","","","","","","","","","","","","","","","","","","","","","","","","0","","0","0","0",
"송탄출장소","남자인구수[명]","명","","","","","","","","","","","","","","","","","","","","","","","","0","","0","0","0",
"송탄출장소","여자인구수[명]","명","","","","","","","","","","","","","","","","","","","","","","","","0","","0","0","0",
"안중출장소","총인구수[명]","명","","","","","","","","","","","","","","","","","","","","","","","","0","","0","0","0",
"안중출장소","남자인구수[명]","명","","","","","","","","","","","","","","","","","","","","","","","","0","","0","0","0",
"안중출장소","여자인구수[명]","명","","","","","","","","","","","","","","","","","","","","","","","","0","","0","0","0",
"동두천시","총인구수[명]","명","73644","73625","74665","75529","74266","73177","74735","79214","82623","85803","88780","90835","93211","95653","96253","97175","97557","97595","97974","98277","97071","96226","94768","94353","93592","91546","88626","86838",
"동두천시","남자인구수[명]","명","37099","37082","37736","38204","37545","37046","37862","40060","41673","43206","44669","45623","46726","47798","48091","48570","48765","48789","48794","48970","48344","47988","47308","47038","46694","45673","44198","43264",
"동두천시","여자인구수[명]","명","36545","36543","36929","37325","36721","36131","36873","39154","40950","42597","44111","45212","46485","47855","48162","48605","48792","48806","49180","49307","48727","48238","47460","47315","46898","45873","44428","43574",
"안산시","총인구수[명]","명","544144","546117","547759","566912","590598","628861","651625","666784","679011","698819","705040","708257","705346","714891","715586","715108","713666","707876","697885","689859","677710","660343","650918","654915","652726","641660","629308","620579",
"안산시","남자인구수[명]","명","281313","281579","282465","292142","303818","322516","333834","341341","347566","357765","360884","362581","360949","366839","366764","366354","365575","362826","357634","353394","347585","338701","333766","335804","334646","328940","322328","317870",
"안산시","여자인구수[명]","명","262831","264538","265294","274770","286780","306345","317791","325443","331445","341054","344156","345676","344397","348052","348822","348754","348091","345050","340251","336465","330125","321642","317152","319111","318080","312720","306980","302709",
"상록구","총인구수[명]","명","","","","","","338133","346525","350368","357018","369527","373969","377005","374055","379136","380880","381556","382571","381508","379517","375857","370744","356311","344613","351888","350668","344664","334867","327191",
"상록구","남자인구수[명]","명","","","","","","171629","175894","177833","181100","187728","189833","191520","190264","193533","194112","194368","194887","194419","193360","191479","189102","181742","175789","179452","178943","175811","170723","167021",
"상록구","여자인구수[명]","명","","","","","","166504","170631","172535","175918","181799","184136","185485","183791","185603","186768","187188","187684","187089","186157","184378","181642","174569","168824","172436","171725","168853","164144","160170",
"단원구","총인구수[명]","명","","","","","","290728","305100","316416","321993","329292","331071","331252","331291","335755","334706","333552","331095","326368","318368","314002","306966","304032","306305","303027","302058","296996","294441","293388",
"단원구","남자인구수[명]","명","","","","","","150887","157940","163508","166466","170037","171051","171061","170685","173306","172652","171986","170688","168407","164274","161915","158483","156959","157977","156352","155703","153129","151605","150849",
"단원구","여자인구수[명]","명","","","","","","139841","147160","152908","155527","159255","160020","160191","160606","162449","162054","161566","160407","157961","154094","152087","148483","147073","148328","146675","146355","143867","142836","142539",
"고양시","총인구수[명]","명","718465","750418","772390","797597","811467","836664","865077","886000","904077","910206","924839","938831","938784","950115","961239","969916","990571","1006154","1027546","1039684","1041983","1044189","1066351","1079216","1079353","1076535","1074907","1070120",
"고양시","남자인구수[명]","명","358814","374360","384908","396999","403591","415739","429347","438926","447780","450541","457136","463691","463498","469508","474421","478333","487990","495535","505459","510923","511564","512359","522749","528480","528094","525741","524368","521495",
"고양시","여자인구수[명]","명","359651","376058","387482","400598","407876","420925","435730","447074","456297","459665","467703","475140","475286","480607","486818","491583","502581","510619","522087","528761","530419","531830","543602","550736","551259","550794","550539","548625",
"덕양구","총인구수[명]","명","339915","357085","362916","369447","371375","377046","380711","385784","389301","381105","378260","386817","388777","394375","391832","396559","410491","424423","441988","446233","448684","450449","466157","476962","482927","490088","496438","493097",
"덕양구","남자인구수[명]","명","170975","179260","181956","185235","186006","188841","190562","192860","194839","190931","189249","193358","194393","197225","195742","197895","204483","211460","219746","221496","222646","223323","230858","235773","238375","241283","244063","241971",
"덕양구","여자인구수[명]","명","168940","177825","180960","184212","185369","188205","190149","192924","194462","190174","189011","193459","194384","197150","196090","198664","206008","212963","222242","224737","226038","227126","235299","241189","244552","248805","252375","251126",
"일산구","총인구수[명]","명","378550","393333","409474","428150","440092","459618","484366","500216","","","","","","","","","","","","","","","","","","","","",
"일산구","남자인구수[명]","명","187839","195100","202952","211764","217585","226898","238785","246066","","","","","","","","","","","","","","","","","","","","",
"일산구","여자인구수[명]","명","190711","198233","206522","216386","222507","232720","245581","254150","","","","","","","","","","","","","","","","","","","","",
"일산동구","총인구수[명]","명","","","","","","","","","225546","239632","256493","261358","261943","269292","278095","281949","283976","284207","285658","292612","293673","296223","297671","299716","298873","296122","291597","294123",
"일산동구","남자인구수[명]","명","","","","","","","","","110738","117666","125791","128061","128137","132143","136340","138017","138931","138896","139576","142947","143253","144394","144991","145874","145362","143793","141346","142776",
"일산동구","여자인구수[명]","명","","","","","","","","","114808","121966","130702","133297","133806","137149","141755","143932","145045","145311","146082","149665","150420","151829","152680","153842","153511","152329","150251","151347",
"일산서구","총인구수[명]","명","","","","","","","","","289230","289469","290086","290656","288064","286448","291312","291408","296104","297524","299900","300839","299626","297517","302523","302538","297553","290325","286872","282900",
"일산서구","남자인구수[명]","명","","","","","","","","","142203","141944","142096","142272","140968","140140","142339","142421","144576","145179","146137","146480","145665","144642","146900","146833","144357","140665","138959","136748",
"일산서구","여자인구수[명]","명","","","","","","","","","147027","147525","147990","148384","147096","146308","148973","148987","151528","152345","153763","154359","153961","152875","155623","155705","153196","149660","147913","146152",
"과천시","총인구수[명]","명","71128","71322","71329","71432","71201","70488","70324","68333","60956","60482","62291","69477","72049","72279","71955","71068","70578","70156","68946","63778","57527","58142","58289","63231","73345","78137","81000","85512",
"과천시","남자인구수[명]","명","35120","35165","35240","35208","35149","34739","34567","33603","29954","29721","30668","34171","35369","35397","35170","34612","34355","34129","33502","31013","28085","28423","28638","31068","36092","38416","39687","41757",
"과천시","여자인구수[명]","명","36008","36157","36089","36224","36052","35749","35757","34730","31002","30761","31623","35306","36680","36882","36785","36456","36223","36027","35444","32765","29442","29719","29651","32163","37253","39721","41313","43755",
"구리시","총인구수[명]","명","164150","163758","166232","169417","184816","193214","192947","193438","192548","193847","196800","195874","195593","196398","194881","192341","189680","186820","186721","193763","200042","203553","199265","197454","191948","188701","187093","186882",
"구리시","남자인구수[명]","명","82951","82446","83473","85170","92772","96701","96374","96486","96174","96882","98272","97644","97435","97951","97313","95956","94679","93217","93096","96397","99390","101084","98968","97939","95172","93442","92559","92459",
"구리시","여자인구수[명]","명","81199","81312","82759","84247","92044","96513","96573","96952","96374","96965","98528","98230","98158","98447","97568","96385","95001","93603","93625","97366","100652","102469","100297","99515","96776","95259","94534","94423",
"남양주시","총인구수[명]","명","278939","306553","334551","358396","375041","392614","403755","418360","450054","470617","492347","505867","525211","564141","578485","599539","618305","636256","653454","662154","665321","681828","701830","713321","733798","737353","732265","732482",
"남양주시","남자인구수[명]","명","141536","155283","168950","180915","189544","198270","203406","210648","226239","236305","247078","253758","263414","283057","289957","300404","309444","318208","326447","330749","332152","340030","349664","355197","365103","366261","363190","362652",
"남양주시","여자인구수[명]","명","137403","151270","165601","177481","185497","194344","200349","207712","223815","234312","245269","252109","261797","281084","288528","299135","308861","318048","327007","331405","333169","341798","352166","358124","368695","371092","369075","369830",
"풍양출장소","총인구수[명]","명","","","","","","","","","","","","","","","","","","","","","","","","0","","0","0","0",
"풍양출장소","남자인구수[명]","명","","","","","","","","","","","","","","","","","","","","","","","","0","","0","0","0",
"풍양출장소","여자인구수[명]","명","","","","","","","","","","","","","","","","","","","","","","","","0","","0","0","0",
"오산시","총인구수[명]","명","75344","76638","84843","105933","114540","115956","118167","121326","129843","136311","145825","150237","159734","182516","193892","200291","205460","208565","206828","208656","213437","220070","226379","229725","229983","229849","229656","242065",
"오산시","남자인구수[명]","명","38276","38947","42966","53678","58005","58761","59976","61679","66060","69321","74319","76628","81570","93054","98983","102396","105145","106843","105966","107056","109620","113237","116904","118785","119409","119646","119722","126193",
"오산시","여자인구수[명]","명","37068","37691","41877","52255","56535","57195","58191","59647","63783","66990","71506","73609","78164","89462","94909","97895","100315","101722","100862","101600","103817","106833","109475","110940","110574","110203","109934","115872",
"시흥시","총인구수[명]","명","221420","253329","293272","318083","337402","353860","368223","378613","387239","390477","390564","392756","397912","403797","401149","399485","396765","394639","398256","402888","419664","448687","473682","500895","512030","512912","519715","518132",
"시흥시","남자인구수[명]","명","113174","129034","149568","162643","173336","182687","190619","196419","201293","203173","203467","205146","207943","211468","210087","209254","208141","206925","208957","211392","219949","234840","247804","261730","267423","267861","271236","270037",
"시흥시","여자인구수[명]","명","108246","124295","143704","155440","164066","171173","177604","182194","185946","187304","187097","187610","189969","192329","191062","190231","188624","187714","189299","191496","199715","213847","225878","239165","244607","245051","248479","248095",
"군포시","총인구수[명]","명","261794","270138","270061","270151","269080","268559","273765","275761","277781","274569","275351","277590","275731","287833","287294","286841","286344","288408","287519","284890","281205","276916","275852","273791","268535","266213","261229","255931",
"군포시","남자인구수[명]","명","131708","135737","135839","135718","135014","134683","137370","138102","138901","137192","137718","138790","137792","143654","143186","142833","142559","143497","142989","141647","139692","137536","136878","135834","133246","132165","129573","126988",
"군포시","여자인구수[명]","명","130086","134401","134222","134433","134066","133876","136395","137659","138880","137377","137633","138800","137939","144179","144108","144008","143785","144911","144530","143243","141513","139380","138974","137957","135289","134048","131656","128943",
"의왕시","총인구수[명]","명","114311","115505","116300","121292","124191","133395","143388","145535","145952","138253","135009","134488","140874","147443","149607","154757","159772","158482","157740","156763","155767","153932","161153","163795","163356","160221","158870","154488",
"의왕시","남자인구수[명]","명","57967","58592","59008","61615","62892","67301","72321","73296","73448","69667","68031","67757","70878","74185","75003","77506","79919","79245","78794","78304","77736","76834","80353","81470","81148","79417","78829","76489",
"의왕시","여자인구수[명]","명","56344","56913","57292","59677","61299","66094","71067","72239","72504","68586","66978","66731","69996","73258","74604","77251","79853","79237","78946","78459","78031","77098","80800","82325","82208","80804","80041","77999",
"하남시","총인구수[명]","명","125163","123836","123709","123366","123659","127541","128326","129903","132850","134824","137131","143638","148566","150479","148397","146269","145096","148896","166713","211101","232487","254415","272455","293452","320087","326059","329861","329120",
"하남시","남자인구수[명]","명","64178","63420","63290","63190","63480","65245","65721","66595","68140","69171","70361","73555","76041","77001","75787","74629","74020","75864","84646","106472","116889","127865","136985","147424","160163","162773","164202","163567",
"하남시","여자인구수[명]","명","60985","60416","60419","60176","60179","62296","62605","63308","64710","65653","66770","70083","72525","73478","72610","71640","71076","73032","82067","104629","115598","126550","135470","146028","159924","163286","165659","165553",
"용인시","총인구수[명]","명","300670","318393","357126","392133","451670","525622","575255","640452","693660","766569","800294","816763","839204","876550","896044","915959","941477","961026","975746","991126","1004081","1035126","1059609","1074176","1077508","1074971","1075566","1085864",
"용인시","남자인구수[명]","명","153690","162291","181480","198979","228829","265005","289323","321133","347191","382538","399180","407046","417548","436342","445667","455451","467945","477759","484727","492374","498923","514127","525946","532847","534459","533323","533387","538049",
"용인시","여자인구수[명]","명","146980","156102","175646","193154","222841","260617","285932","319319","346469","384031","401114","409717","421656","440208","450377","460508","473532","483267","491019","498752","505158","520999","533663","541329","543049","541648","542179","547815",
"처인구","총인구수[명]","명","","","","","","","","","196830","199397","202714","203805","203620","207935","209200","210524","212904","218400","221347","226130","231553","249118","253896","257498","260198","259288","261488","274162",
"처인구","남자인구수[명]","명","","","","","","","","","100873","102039","103804","104350","104229","106713","107250","107853","109024","111912","113333","115841","118742","127616","130034","131974","133503","133113","134289","140423",
"처인구","여자인구수[명]","명","","","","","","","","","95957","97358","98910","99455","99391","101222","101950","102671","103880","106488","108014","110289","112811","121502","123862","125524","126695","126175","127199","133739",
"기흥구","총인구수[명]","명","","","","","","","","","224770","282461","301630","315461","340133","357935","368722","375875","393172","402206","409162","417163","419429","427719","436679","440835","441742","438235","436656","436351",
"기흥구","남자인구수[명]","명","","","","","","","","","112663","140849","150027","156366","168124","176903","182303","185968","194687","199066","202407","206316","207548","211619","215796","217663","217999","216180","215218","214987",
"기흥구","여자인구수[명]","명","","","","","","","","","112107","141612","151603","159095","172009","181032","186419","189907","198485","203140","206755","210847","211881","216100","220883","223172","223743","222055","221438","221364",
"수지구","총인구수[명]","명","","","","","","","","","272060","284711","295950","297497","295451","310680","318122","329560","335401","340420","345237","347833","353099","358289","369034","375843","375568","377448","377422","375351",
"수지구","남자인구수[명]","명","","","","","","","","","133655","139650","145349","146330","145195","152726","156114","161630","164234","166781","168987","170217","172633","174892","180116","183210","182957","184030","183880","182639",
"수지구","여자인구수[명]","명","","","","","","","","","138405","145061","150601","151167","150256","157954","162008","167930","171167","173639","176250","177616","180466","183397","188918","192633","192611","193418","193542","192712",
"파주시","총인구수[명]","명","177136","178803","181496","191726","224658","235147","237658","246323","261770","292752","303831","311164","323011","355632","378790","394201","401718","411348","423321","430781","437848","451848","454040","465617","483245","495315","497753","511308",
"파주시","남자인구수[명]","명","90418","91203","92465","97589","113700","119091","120532","125291","133390","149065","154504","158556","164689","181603","193479","200716","204347","208984","214893","218565","222312","229250","230461","236049","245085","251334","252159","258306",
"파주시","여자인구수[명]","명","86718","87600","89031","94137","110958","116056","117126","121032","128380","143687","149327","152608","158322","174029","185311","193485","197371","202364","208428","212216","215536","222598","223579","229568","238160","243981","245594","253002",
"이천시","총인구수[명]","명","171108","175400","180285","183605","187274","189526","190753","190808","192271","194369","195691","196633","197496","202595","204566","204917","205479","205014","204935","210359","213142","214206","215834","218388","223177","222721","222098","222443",
"이천시","남자인구수[명]","명","87122","89090","91327","92885","94665","95825","96041","96154","97268","98605","99291","99731","100018","102648","103617","103896","104253","104008","104066","107044","108815","109878","111244","112947","115727","115925","115622","116044",
"이천시","여자인구수[명]","명","83986","86310","88958","90720","92609","93701","94712","94654","95003","95764","96400","96902","97478","99947","100949","101021","101226","101006","100869","103315","104327","104328","104590","105441","107450","106796","106476","106399",
"안성시","총인구수[명]","명","","129957","132093","136590","141605","147898","151522","154110","157130","159655","163733","169545","170919","177937","180743","181608","182173","181896","180199","182896","182786","183579","183405","187012","189534","188842","189034","193949",
"안성시","남자인구수[명]","명","","65693","66739","69121","71495","74716","76690","78077","79595","81057","83216","86294","87090","90730","92204","92627","92935","92757","91896","93389","93574","94095","94227","96355","97895","97581","97738","100245",
"안성시","여자인구수[명]","명","","64264","65354","67469","70110","73182","74832","76033","77535","78598","80517","83251","83829","87207","88539","88981","89238","89139","88303","89507","89212","89484","89178","90657","91639","91261","91296","93704",
"김포시","총인구수[명]","명","","127865","148066","162997","180404","193438","203391","208192","207229","207824","205997","220418","225805","238339","256994","287432","312305","340310","349990","363443","392092","423170","437221","473970","486508","484267","486172","486853",
"김포시","남자인구수[명]","명","","65379","75367","82919","91588","98034","103063","105384","104984","105336","104568","111801","114603","121016","130283","145275","157341","171105","175892","182597","196801","212410","219552","237507","243415","241904","242801","242951",
"김포시","여자인구수[명]","명","","62486","72699","80078","88816","95404","100328","102808","102245","102488","101429","108617","111202","117323","126711","142157","154964","169205","174098","180846","195291","210760","217669","236463","243093","242363","243371","243902",
"화성시","총인구수[명]","명","","","","","210524","226930","236226","271563","296530","310171","371972","449354","491528","505838","516765","525490","530251","540862","596525","640890","691086","758722","815396","855248","887015","910814","944342","968821",
"화성시","남자인구수[명]","명","","","","","108831","117573","123194","141583","154691","161964","193276","232122","253316","260758","266519","271219","273731","279520","307907","330923","357381","392871","422470","443841","460788","473507","490518","502881",
"화성시","여자인구수[명]","명","","","","","101693","109357","113032","129980","141839","148207","178696","217232","238212","245080","250246","254271","256520","261342","288618","309967","333705","365851","392926","411407","426227","437307","453824","465940",
"화성시동부출장소","총인구수[명]","명","","","","","","","","","","","","","","","","","","","","","","","","0","","0","0","0",
"화성시동부출장소","남자인구수[명]","명","","","","","","","","","","","","","","","","","","","","","","","","0","","0","0","0",
"화성시동부출장소","여자인구수[명]","명","","","","","","","","","","","","","","","","","","","","","","","","0","","0","0","0",
"화성시동탄출장소","총인구수[명]","명","","","","","","","","","","","","","","","","","","","","","","","","0","","0","0","0",
"화성시동탄출장소","남자인구수[명]","명","","","","","","","","","","","","","","","","","","","","","","","","0","","0","0","0",
"화성시동탄출장소","여자인구수[명]","명","","","","","","","","","","","","","","","","","","","","","","","","0","","0","0","0",
"광주시","총인구수[명]","명","","","","","152878","175614","191466","205641","214498","222048","229319","234777","238583","249789","265222","275656","286699","298858","312579","327723","345947","363782","372654","382054","387289","391462","391377","397605",
"광주시","남자인구수[명]","명","","","","","78442","89827","97936","105212","109769","113875","117740","120690","122741","128739","136415","141695","147488","153812","160610","168345","177521","186309","190774","195298","197673","199707","199601","202621",
"광주시","여자인구수[명]","명","","","","","74436","85787","93530","100429","104729","108173","111579","114087","115842","121050","128807","133961","139211","145046","151969","159378","168426","177473","181880","186756","189616","191755","191776","194984",
"양주시","총인구수[명]","명","","","","","","","148062","152596","160589","169806","179914","179914","182106","196706","200360","200310","199143","202072","205184","205513","212146","216951","222314","230359","236368","243432","268026","289005",
"양주시","남자인구수[명]","명","","","","","","","76175","78567","82693","87249","92222","92251","93397","100576","102266","102085","101287","102688","104133","104235","107650","109978","112775","116916","119835","123173","135376","145474",
"양주시","여자인구수[명]","명","","","","","","","71887","74029","77896","82557","87692","87663","88709","96130","98094","98225","97856","99384","101051","101278","104496","106973","109539","113443","116533","120259","132650","143531",
"포천시","총인구수[명]","명","","","","","","","150240","150364","155242","157269","158156","160176","158931","158658","157967","157559","156603","155798","155192","154763","152925","150676","148379","147274","148939","146701","143323","141463",
"포천시","남자인구수[명]","명","","","","","","","77777","77920","80287","81386","81996","83227","82815","83025","82751","82491","82034","81502","81436","81291","80375","79310","78231","77905","78915","77707","75837","74787",
"포천시","여자인구수[명]","명","","","","","","","72463","72444","74955","75883","76160","76949","76116","75633","75216","75068","74569","74296","73756","73472","72550","71366","70148","69369","70024","68994","67486","66676",
"여주시","총인구수[명]","명","","","","","","","","","","","","","","","","","109343","110386","111033","111563","111984","111525","111083","111897","112150","113150","114412","114610",
"여주시","남자인구수[명]","명","","","","","","","","","","","","","","","","","55211","55745","56180","56445","56629","56479","56427","56838","57022","57567","58177","58355",
"여주시","여자인구수[명]","명","","","","","","","","","","","","","","","","","54132","54641","54853","55118","55355","55046","54656","55059","55128","55583","56235","56255",
"양주군","총인구수[명]","명","101310","101810","108309","117319","135748","143124","","","","","","","","","","","","","","","","","","","","","","",
"양주군","남자인구수[명]","명","52554","52876","56117","60785","69971","73708","","","","","","","","","","","","","","","","","","","","","","",
"양주군","여자인구수[명]","명","48756","48934","52192","56534","65777","69416","","","","","","","","","","","","","","","","","","","","","","",
"여주군","총인구수[명]","명","100634","101223","101478","103622","104648","104380","104030","103976","104260","105022","106926","107355","108088","109250","109120","109550","","","","","","","","","","","","",
"여주군","남자인구수[명]","명","51026","51289","51330","52353","52888","52753","52625","52742","52855","53162","53988","54210","54478","55199","55175","55348","","","","","","","","","","","","",
"여주군","여자인구수[명]","명","49608","49934","50148","51269","51760","51627","51405","51234","51405","51860","52938","53145","53610","54051","53945","54202","","","","","","","","","","","","",
"화성군","총인구수[명]","명","176702","178743","183166","191444","","","","","","","","","","","","","","","","","","","","","","","","",
"화성군","남자인구수[명]","명","91151","92106","94382","98643","","","","","","","","","","","","","","","","","","","","","","","","",
"화성군","여자인구수[명]","명","85551","86637","88784","92801","","","","","","","","","","","","","","","","","","","","","","","","",
"광주군","총인구수[명]","명","110242","114789","123865","139339","","","","","","","","","","","","","","","","","","","","","","","","",
"광주군","남자인구수[명]","명","56863","59217","63814","71517","","","","","","","","","","","","","","","","","","","","","","","","",
"광주군","여자인구수[명]","명","53379","55572","60051","67822","","","","","","","","","","","","","","","","","","","","","","","","",
"연천군","총인구수[명]","명","55154","54365","53766","52786","51655","50372","49508","48687","47123","46075","45603","45495","45241","45177","44900","45599","45610","45363","45725","45907","45431","44633","43824","43516","42721","42062","41584","40866",
"연천군","남자인구수[명]","명","28233","27920","27608","27090","26489","25810","25331","25131","24253","23726","23459","23416","23304","23230","23135","23631","23708","23475","23917","24090","23790","23364","22962","22799","22399","22113","21776","21400",
"연천군","여자인구수[명]","명","26921","26445","26158","25696","25166","24562","24177","23556","22870","22349","22144","22079","21937","21947","21765","21968","21902","21888","21808","21817","21641","21269","20862","20717","20322","19949","19808","19466",
"포천군","총인구수[명]","명","141741","143257","144912","145981","146272","152507","","","","","","","","","","","","","","","","","","","","","","",
"포천군","남자인구수[명]","명","72761","73740","74667","75288","75462","78608","","","","","","","","","","","","","","","","","","","","","","",
"포천군","여자인구수[명]","명","68980","69517","70245","70693","70810","73899","","","","","","","","","","","","","","","","","","","","","","",
"가평군","총인구수[명]","명","56613","56334","56386","56111","56045","55506","55060","54845","54861","54855","55698","57108","57564","58890","59358","60794","61017","61213","62008","62448","62973","62918","62415","62377","62264","62150","62302","62527",
"가평군","남자인구수[명]","명","28774","28694","28790","28632","28602","28313","28172","28035","28087","28077","28471","29191","29475","30214","30510","31298","31284","31370","31774","31981","32276","32288","32042","32156","32129","32102","32137","32194",
"가평군","여자인구수[명]","명","27839","27640","27596","27479","27443","27193","26888","26810","26774","26778","27227","27917","28089","28676","28848","29496","29733","29843","30234","30467","30697","30630","30373","30221","30135","30048","30165","30333",
"양평군","총인구수[명]","명","81502","81200","81885","82773","82704","82992","83730","84673","85533","86298","87874","89812","91450","95833","99430","102193","103620","105379","108316","111367","115105","116095","116874","118810","121230","122323","125238","126804",
"양평군","남자인구수[명]","명","41097","40968","41396","41744","41749","41930","42178","42759","43240","43630","44420","45412","46331","48449","50157","51497","52240","53245","54727","56285","57981","58396","58654","59563","60846","61495","62801","63574",
"양평군","여자인구수[명]","명","40405","40232","40489","41029","40955","41062","41552","41914","42293","42668","43454","44400","45119","47384","49273","50696","51380","52134","53589","55082","57124","57699","58220","59247","60384","60828","62437","63230",
"안성군","총인구수[명]","명","128339","","","","","","","","","","","","","","","","","","","","","","","","","","","",
"안성군","남자인구수[명]","명","64789","","","","","","","","","","","","","","","","","","","","","","","","","","","",
"안성군","여자인구수[명]","명","63550","","","","","","","","","","","","","","","","","","","","","","","","","","","",
"김포군","총인구수[명]","명","124194","","","","","","","","","","","","","","","","","","","","","","","","","","","",
"김포군","남자인구수[명]","명","64031","","","","","","","","","","","","","","","","","","","","","","","","","","","",
"김포군","여자인구수[명]","명","60163","","","","","","","","","","","","","","","","","","","","","","","","","","","",
"강원특별자치도","총인구수[명]","명","1537106","1552667","1556979","1554688","1552407","1538720","1527034","1521375","1513110","1505420","1503806","1508575","1512870","1529818","1536448","1538630","1542263","1544442","1549507","1550806","1550142","1543052","1541502","1542840","1538492","1536498","1527807","1517766",
"강원특별자치도","남자인구수[명]","명","772280","781179","782936","781133","778766","771945","767294","764803","760642","756894","756184","759282","761270","769807","773278","774273","776498","778007","781434","781146","780635","776456","775386","776505","774332","772947","768449","763025",
"강원특별자치도","여자인구수[명]","명","764826","771488","774043","773555","773641","766775","759740","756572","752468","748526","747622","749293","751600","760011","763170","764357","765765","766435","768073","769660","769507","766596","766116","766335","764160","763551","759358","754741",
"춘천시","총인구수[명]","명","240226","244076","248370","251212","251142","252624","253363","254323","254999","256239","258141","261975","264849","269950","272805","273364","274455","275791","277997","280707","280514","280640","281291","282765","284594","286664","286426","286069",
"춘천시","남자인구수[명]","명","119154","121095","123042","124467","124440","124986","125240","125914","126039","126620","127453","129339","130791","133275","134600","134874","135377","136017","136974","138251","138159","138243","138700","139576","140584","141490","141419","141225",
"춘천시","여자인구수[명]","명","121072","122981","125328","126745","126702","127638","128123","128409","128960","129619","130688","132636","134058","136675","138205","138490","139078","139774","141023","142456","142355","142397","142591","143189","144010","145174","145007","144844",
"원주시","총인구수[명]","명","254271","260355","265073","270009","274266","276889","280738","284628","288454","294155","298762","303975","307882","314678","320536","323885","324837","327292","332995","337979","341337","344070","349215","354376","357757","360807","361503","362164",
"원주시","남자인구수[명]","명","127008","130143","132416","134837","136976","138224","140036","141859","143833","146694","149066","151626","153495","156741","159522","161117","161588","162734","165547","167854","169742","171048","173425","175939","177396","178880","179115","179228",
"원주시","여자인구수[명]","명","127263","130212","132657","135172","137290","138665","140702","142769","144621","147461","149696","152349","154387","157937","161014","162768","163249","164558","167448","170125","171595","173022","175790","178437","180361","181927","182388","182936",
"강릉시","총인구수[명]","명","225528","229449","232067","233121","231943","229869","229073","227259","224391","222016","220484","218399","217464","218503","217571","217741","216806","215807","214560","213846","213952","212957","213442","213321","212965","211381","209439","207731",
"강릉시","남자인구수[명]","명","112273","114544","115909","116331","115662","114579","114231","113261","111728","110622","109916","108842","108146","108613","108294","108318","107689","107149","106545","106231","106286","105697","105893","105794","105667","104845","103759","102890",
"강릉시","여자인구수[명]","명","113255","114905","116158","116790","116281","115290","114842","113998","112663","111394","110568","109557","109318","109890","109277","109423","109117","108658","108015","107615","107666","107260","107549","107527","107298","106536","105680","104841",
"동해시","총인구수[명]","명","103112","103474","103704","103654","103570","102857","101764","100727","99230","97497","96652","95652","95271","95236","95804","93897","95143","94562","93895","93297","92851","91272","90522","90593","90081","89426","88625","87675",
"동해시","남자인구수[명]","명","51965","52230","52344","52235","52114","51737","51250","50848","50141","49282","48793","48383","48202","48170","48289","47387","48104","47850","47503","47166","47067","46212","45845","45991","45795","45423","45045","44495",
"동해시","여자인구수[명]","명","51147","51244","51360","51419","51456","51120","50514","49879","49089","48215","47859","47269","47069","47066","47515","46510","47039","46712","46392","46131","45784","45060","44677","44602","44286","44003","43580","43180",
"태백시","총인구수[명]","명","60438","59896","58588","57023","56193","55154","53948","53264","52463","51593","51490","51028","50424","50864","50176","49493","48794","48258","47501","47070","45888","44858","43866","42719","40844","39428","38702","37936",
"태백시","남자인구수[명]","명","30794","30549","29896","29113","28624","28096","27451","27171","26867","26488","26371","26065","25746","25987","25520","25123","24783","24509","24128","23899","23196","22612","22168","21640","20656","19881","19476","19180",
"태백시","여자인구수[명]","명","29644","29347","28692","27910","27569","27058","26497","26093","25596","25105","25119","24963","24678","24877","24656","24370","24011","23749","23373","23171","22692","22246","21698","21079","20188","19547","19226","18756",
"속초시","총인구수[명]","명","85263","86923","88764","90032","90231","90029","89047","87933","87124","86073","85370","84599","83822","84302","83745","83579","83109","82432","81992","81793","82273","81682","81786","82665","82791","82806","82054","80933",
"속초시","남자인구수[명]","명","42266","43167","44103","44647","44630","44561","44040","43413","43003","42458","42068","41676","41260","41543","41260","41165","40929","40590","40377","40288","40531","40248","40420","40965","41080","41037","40620","39931",
"속초시","여자인구수[명]","명","42997","43756","44661","45385","45601","45468","45007","44520","44121","43615","43302","42923","42562","42759","42485","42414","42180","41842","41615","41505","41742","41434","41366","41700","41711","41769","41434","41002",
"삼척시","총인구수[명]","명","86016","85846","84523","82177","79770","77434","75759","74301","73134","71750","70791","70954","71935","72046","72312","72463","73023","72314","70839","69599","68514","68326","67228","65243","63429","63455","62651","61735",
"삼척시","남자인구수[명]","명","43473","43465","42748","41447","40164","39036","38205","37529","36873","36146","35653","35940","36490","36367","36681","36847","37384","36940","36000","35253","34638","34587","34038","33011","32043","32156","31822","31437",
"삼척시","여자인구수[명]","명","42543","42381","41775","40730","39606","38398","37554","36772","36261","35604","35138","35014","35445","35679","35631","35616","35639","35374","34839","34346","33876","33739","33190","32232","31386","31299","30829","30298",
"홍천군","총인구수[명]","명","75105","75251","74939","74461","74019","72514","71351","71907","70811","70037","70142","70360","69606","69893","69899","69727","70638","70451","70336","70076","70340","69949","69150","69242","68365","67977","67309","66717",
"홍천군","남자인구수[명]","명","38175","38263","38078","37748","37530","36819","36279","36707","36116","35727","35764","35824","35537","35595","35639","35548","36181","35996","35906","35738","35855","35671","35359","35663","35184","34954","34655","34423",
"홍천군","여자인구수[명]","명","36930","36988","36861","36713","36489","35695","35072","35200","34695","34310","34378","34536","34069","34298","34260","34179","34457","34455","34430","34338","34485","34278","33791","33579","33181","33023","32654","32294",
"횡성군","총인구수[명]","명","47081","47362","46822","45961","45496","45198","44306","44297","43678","42982","43176","43413","44121","44254","44360","44615","44937","45373","45777","45991","46281","46726","46575","46472","46481","46532","46359","46111",
"횡성군","남자인구수[명]","명","24014","24213","23930","23517","23270","23066","22618","22612","22321","21922","22051","22173","22543","22528","22576","22676","22866","23019","23260","23398","23541","23828","23785","23822","23859","23877","23826","23703",
"횡성군","여자인구수[명]","명","23067","23149","22892","22444","22226","22132","21688","21685","21357","21060","21125","21240","21578","21726","21784","21939","22071","22354","22517","22593","22740","22898","22790","22650","22622","22655","22533","22408",
"영월군","총인구수[명]","명","50498","50287","49746","48393","52101","45273","44027","42406","41538","40511","40290","40201","40265","40407","40199","40155","40150","40191","40216","40073","40067","39730","39127","38662","37904","37728","37332","36721",
"영월군","남자인구수[명]","명","25478","25494","25158","24434","25721","22833","22231","21469","21096","20594","20488","20422","20468","20574","20480","20448","20478","20581","20691","20652","20639","20493","20143","19986","19626","19509","19318","18990",
"영월군","여자인구수[명]","명","25020","24793","24588","23959","26380","22440","21796","20937","20442","19917","19802","19779","19797","19833","19719","19707","19672","19610","19525","19421","19428","19237","18984","18676","18278","18219","18014","17731",
"평창군","총인구수[명]","명","48811","48746","48003","47125","46478","46262","46375","45311","45033","44332","44003","43706","43634","43622","43577","43627","43666","43660","43500","43318","43092","42610","42106","41681","40996","40990","40659","40396",
"평창군","남자인구수[명]","명","24733","24752","24435","23867","23521","23441","23545","23027","22912","22619","22530","22415","22394","22375","22334","22305","22298","22257","22204","22126","22021","21771","21550","21321","21091","21176","21056","20955",
"평창군","여자인구수[명]","명","24078","23994","23568","23258","22957","22821","22830","22284","22121","21713","21473","21291","21240","21247","21243","21322","21368","21403","21296","21192","21071","20839","20556","20360","19905","19814","19603","19441",
"정선군","총인구수[명]","명","54668","53849","51734","50572","49048","51226","46225","45419","44203","43186","41806","41269","40708","41045","40181","39915","39985","39425","39197","38718","38173","37700","37271","36870","35675","34931","34202","33515",
"정선군","남자인구수[명]","명","28250","27814","26757","26129","25320","26087","23894","23409","22816","22361","21634","21403","21123","21286","20815","20686","20675","20387","20253","19975","19748","19595","19360","19174","18565","18264","17844","17475",
"정선군","여자인구수[명]","명","26418","26035","24977","24443","23728","25139","22331","22010","21387","20825","20172","19866","19585","19759","19366","19229","19310","19038","18944","18743","18425","18105","17911","17696","17110","16667","16358","16040",
"철원군","총인구수[명]","명","54194","54500","53946","53190","52072","50532","50212","49650","48933","48024","47420","47724","47669","48928","48084","47968","47473","47590","48799","48013","47185","46413","45584","44699","43340","42256","41448","40497",
"철원군","남자인구수[명]","명","27612","27816","27563","27121","26456","25673","25801","25527","25191","24758","24377","24744","24573","25543","24949","24776","24418","24676","25971","25429","24886","24408","23767","23216","22453","21863","21478","20922",
"철원군","여자인구수[명]","명","26582","26684","26383","26069","25616","24859","24411","24123","23742","23266","23043","22980","23096","23385","23135","23192","23055","22914","22828","22584","22299","22005","21817","21483","20887","20393","19970","19575",
"화천군","총인구수[명]","명","25627","25916","25544","25188","24965","24088","24540","24267","23732","23317","22944","24110","24216","24364","24945","25020","25079","27143","27020","26264","26022","25084","24917","24857","24195","23388","23007","22922",
"화천군","남자인구수[명]","명","13222","13344","13078","12924","12845","12334","12983","12735","12451","12241","12111","13078","13181","13260","13630","13575","13529","15168","15173","14554","14313","13603","13495","13472","13138","12560","12321","12283",
"화천군","여자인구수[명]","명","12405","12572","12466","12264","12120","11754","11557","11532","11281","11076","10833","11032","11035","11104","11315","11445","11550","11975","11847","11710","11709","11481","11422","11385","11057","10828","10686","10639",
"양구군","총인구수[명]","명","23778","24027","23756","23420","23198","22527","21995","21692","21480","21269","21401","21303","21323","21843","22285","22799","23594","23888","24089","24010","23835","23408","22764","22278","21748","21383","21056","20621",
"양구군","남자인구수[명]","명","12176","12303","12158","11983","11824","11481","11344","11197","11089","10991","11159","11147","11135","11401","11758","12088","12540","12735","12936","12918","12768","12462","12082","11829","11464","11215","11063","10774",
"양구군","여자인구수[명]","명","11602","11724","11598","11437","11374","11046","10651","10495","10391","10278","10242","10156","10188","10442","10527","10711","11054","11153","11153","11092","11067","10946","10682","10449","10284","10168","9993","9847",
"인제군","총인구수[명]","명","34187","34288","34090","33618","33092","32447","32092","32443","32811","32493","32079","31620","31452","31842","31970","32456","32517","32475","33255","32720","32582","32136","31672","31694","32165","32206","32020","31535",
"인제군","남자인구수[명]","명","17483","17600","17518","17308","16976","16697","16635","16843","17144","16984","16829","16545","16382","16717","17014","17379","17345","17287","18020","17677","17579","17349","17143","17084","17461","17529","17422","17194",
"인제군","여자인구수[명]","명","16704","16688","16572","16310","16116","15750","15457","15600","15667","15509","15250","15075","15070","15125","14956","15077","15172","15188","15235","15043","15003","14787","14529","14610","14704","14677","14598","14341",
"고성군","총인구수[명]","명","37384","37319","36369","35391","34643","33721","32739","32361","31964","31285","30383","30172","30272","30112","30057","30124","30398","30269","30060","30114","30029","28144","27260","26757","27249","27274","27305","26999",
"고성군","남자인구수[명]","명","18775","18780","18272","17783","17419","17053","16554","16398","16231","15849","15443","15384","15578","15590","15635","15792","16184","16107","15981","15899","15817","14729","14114","13802","14019","14060","14018","13841",
"고성군","여자인구수[명]","명","18609","18539","18097","17608","17224","16668","16185","15963","15733","15436","14940","14788","14694","14522","14422","14332","14214","14162","14079","14215","14212","13415","13146","12955","13230","13214","13287","13158",
"양양군","총인구수[명]","명","30919","31103","30941","30141","30180","30076","29480","29187","29132","28661","28472","28115","27957","27929","27942","27802","27659","27521","27479","27218","27207","27347","27726","27946","27913","27866","27710","27489",
"양양군","남자인구수[명]","명","15429","15607","15531","15242","15274","15242","14957","14884","14791","14538","14478","14276","14226","14242","14282","14169","14130","14005","13965","13838","13849","13900","14099","14220","14251","14228","14192","14079",
"양양군","여자인구수[명]","명","15490","15496","15410","14899","14906","14834","14523","14303","14341","14123","13994","13839","13731","13687","13660","13633","13529","13516","13514","13380","13358","13447","13627","13726","13662","13638","13518","13410",
"충청북도","총인구수[명]","명","1470776","1484466","1492077","1497513","1496520","1492713","1489635","1488945","1488803","1494559","1506608","1519587","1527478","1549528","1562903","1565628","1572732","1578933","1583952","1591625","1594432","1599252","1600007","1600837","1597427","1595058","1593469","1591177",
"충청북도","남자인구수[명]","명","739652","746355","750330","752953","752588","750277","748957","749274","749832","752742","758967","765398","769968","781301","787981","789286","792862","796141","798896","803240","805091","808971","810384","811591","810672","810782","810448","809920",
"충청북도","여자인구수[명]","명","731124","738111","741747","744560","743932","742436","740678","739671","738971","741817","747641","754189","757510","768227","774922","776342","779870","782792","785056","788385","789341","790281","789623","789246","786755","784276","783021","781257",
"청주시","총인구수[명]","명","544115","557405","569072","580861","592504","603941","615155","624288","630939","626679","633286","638663","643161","655971","661946","666852","672904","831521","831912","835197","835590","837749","839566","844993","848482","849573","852189","854537",
"청주시","남자인구수[명]","명","271225","277384","283272","289509","295075","300668","306178","311162","314762","312462","315661","318145","320304","326886","329761","332202","335273","417233","417341","419323","419676","421774","422864","425848","427881","429208","430449","431740",
"청주시","여자인구수[명]","명","272890","280021","285800","291352","297429","303273","308977","313126","316177","314217","317625","320518","322857","329085","332185","334650","337631","414288","414571","415874","415914","415975","416702","419145","420601","420365","421740","422797",
"상당구","총인구수[명]","명","232093","234924","233907","232768","235272","240972","249306","255214","258598","256339","250558","246344","243777","241589","241621","240433","246128","179792","176424","173701","171129","176818","178352","190034","193827","196425","200575","197952",
"상당구","남자인구수[명]","명","115334","116786","116375","115950","117157","119988","124096","127137","128879","127616","124688","122568","121346","120413","120350","119748","122502","89861","88055","86804","85402","88060","88765","94480","96267","97585","99657","98280",
"상당구","여자인구수[명]","명","116759","118138","117532","116818","118115","120984","125210","128077","129719","128723","125870","123776","122431","121176","121271","120685","123626","89931","88369","86897","85727","88758","89587","95554","97560","98840","100918","99672",
"서원구","총인구수[명]","명","","","","","","","","","","","","","","","","","","224727","220045","217120","216782","209404","203209","194720","192899","191273","186302","181621",
"서원구","남자인구수[명]","명","","","","","","","","","","","","","","","","","","111592","109330","107866","107632","104071","100853","96695","95958","95469","92775","90428",
"서원구","여자인구수[명]","명","","","","","","","","","","","","","","","","","","113135","110715","109254","109150","105333","102356","98025","96941","95804","93527","91193",
"흥덕구","총인구수[명]","명","312022","322481","335165","348093","357232","362969","365849","369074","372341","370340","382728","392319","399384","414382","420325","426419","426776","252027","253426","253563","253912","254302","262137","265866","267429","268051","274594","285838",
"흥덕구","남자인구수[명]","명","155891","160598","166897","173559","177918","180680","182082","184025","185883","184846","190973","195577","198958","206473","209411","212454","212771","126827","127406","127647","128106","128949","132999","134958","135780","136332","139804","145609",
"흥덕구","여자인구수[명]","명","156131","161883","168268","174534","179314","182289","183767","185049","186458","185494","191755","196742","200426","207909","210914","213965","214005","125200","126020","125916","125806","125353","129138","130908","131649","131719","134790","140229",
"청원구","총인구수[명]","명","","","","","","","","","","","","","","","","","","174975","182017","190813","193767","197225","195868","194373","194327","193824","190718","189126",
"청원구","남자인구수[명]","명","","","","","","","","","","","","","","","","","","88953","92550","97006","98536","100694","100247","99715","99876","99822","98213","97423",
"청원구","여자인구수[명]","명","","","","","","","","","","","","","","","","","","86022","89467","93807","95231","96531","95621","94658","94451","94002","92505","91703",
"충주시","총인구수[명]","명","217638","218846","218763","217305","215249","211980","209138","207534","205907","204610","205064","206372","206613","208481","208433","208447","208115","208527","207913","208350","208316","210504","210737","210186","209358","208277","207778","207241",
"충주시","남자인구수[명]","명","109723","110496","110492","109661","108675","106982","105536","104708","103934","103278","103481","104033","104091","104874","104916","104956","104785","104944","104696","104877","105000","106222","106569","106273","105932","105478","105420","105132",
"충주시","여자인구수[명]","명","107915","108350","108271","107644","106574","104998","103602","102826","101973","101332","101583","102339","102522","103607","103517","103491","103330","103583","103217","103473","103316","104282","104168","103913","103426","102799","102358","102109",
"제천시","총인구수[명]","명","147901","147942","148155","147950","144968","143231","140676","138872","138201","136398","136218","135738","135580","137264","137689","137521","137204","136805","136138","136517","136432","135386","134617","133018","131591","130988","130194","128569",
"제천시","남자인구수[명]","명","74598","74681","74719","74511","73131","72169","70986","70096","69715","68749","68554","68368","68356","69145","69287","69088","68929","68639","68145","68444","68428","67792","67459","66705","66170","65833","65456","64768",
"제천시","여자인구수[명]","명","73303","73261","73436","73439","71837","71062","69690","68776","68486","67649","67664","67370","67224","68119","68402","68433","68275","68166","67993","68073","68004","67594","67158","66313","65421","65155","64738","63801",
"청원군","총인구수[명]","명","121794","123385","122922","123984","124181","122782","121235","119745","119784","136538","143021","148063","149783","152944","158369","154780","155002","","","","","","","","","","","",
"청원군","남자인구수[명]","명","61944","62796","62643","63168","63242","62425","61636","60992","61234","69843","73303","75942","77006","78675","81481","79793","79998","","","","","","","","","","","",
"청원군","여자인구수[명]","명","59850","60589","60279","60816","60939","60357","59599","58753","58550","66695","69718","72121","72777","74269","76888","74987","75004","","","","","","","","","","","",
"보은군","총인구수[명]","명","45980","45554","44562","43245","42082","40420","38973","38062","37114","36293","35354","35069","34845","34956","34717","34438","34318","34240","34296","34221","34053","33680","32949","32412","31878","31455","31010","30527",
"보은군","남자인구수[명]","명","23131","22930","22461","21790","21222","20361","19628","19111","18630","18193","17744","17584","17413","17473","17344","17168","17098","17092","17140","17093","17009","16834","16531","16292","16074","15877","15671","15503",
"보은군","여자인구수[명]","명","22849","22624","22101","21455","20860","20059","19345","18951","18484","18100","17610","17485","17432","17483","17373","17270","17220","17148","17156","17128","17044","16846","16418","16120","15804","15578","15339","15024",
"옥천군","총인구수[명]","명","63075","62708","61845","60798","59515","58461","57505","56634","55610","54923","54608","54475","54117","54025","53496","53244","52763","52469","52404","52267","51766","51465","51023","50527","50093","49520","48891","48204",
"옥천군","남자인구수[명]","명","31656","31486","31109","30571","29975","29457","28970","28579","28083","27695","27554","27468","27256","27174","26965","26784","26557","26369","26334","26251","26049","25911","25707","25489","25242","24974","24718","24384",
"옥천군","여자인구수[명]","명","31419","31222","30736","30227","29540","29004","28535","28055","27527","27228","27054","27007","26861","26851","26531","26460","26206","26100","26070","26016","25717","25554","25316","25038","24851","24546","24173","23820",
"영동군","총인구수[명]","명","61205","60890","60094","58627","57184","55752","54036","52597","51800","50819","50131","50276","50426","50523","50621","50663","50539","50803","50693","50552","50240","49715","48738","47475","45773","44956","44195","43551",
"영동군","남자인구수[명]","명","30350","30295","29921","29193","28513","27772","26944","26238","25863","25354","25007","25084","25183","25173","25230","25268","25102","25255","25276","25248","24960","24663","24181","23624","22810","22486","22146","21933",
"영동군","여자인구수[명]","명","30855","30595","30173","29434","28671","27980","27092","26359","25937","25465","25124","25192","25243","25350","25391","25395","25437","25548","25417","25304","25280","25052","24557","23851","22963","22470","22049","21618",
"증평군","총인구수[명]","명","","","","","","","31310","30899","30607","30483","31145","32179","33164","33533","34009","34279","34546","34771","36671","37308","37783","37317","37392","36807","36426","37262","37484","37171",
"증평군","남자인구수[명]","명","","","","","","","15850","15632","15553","15475","15795","16327","17041","17264","17480","17511","17606","17821","18803","19110","19446","19229","19350","19129","18993","19387","19523","19370",
"증평군","여자인구수[명]","명","","","","","","","15460","15267","15054","15008","15350","15852","16123","16269","16529","16768","16940","16950","17868","18198","18337","18088","18042","17678","17433","17875","17961","17801",
"진천군","총인구수[명]","명","59031","59177","58979","60121","60309","59699","59724","60347","60155","60111","60154","60715","61456","62094","63051","63458","64606","65174","67981","69950","73677","78218","81084","83718","85176","86147","86254","86537",
"진천군","남자인구수[명]","명","30104","30166","29997","30579","30703","30402","30525","30845","30805","30933","31001","31325","31833","32173","32604","32862","33519","33815","35290","36387","38314","40839","42388","43836","44715","45488","45652","45723",
"진천군","여자인구수[명]","명","28927","29011","28982","29542","29606","29297","29199","29502","29350","29178","29153","29390","29623","29921","30447","30596","31087","31359","32691","33563","35363","37379","38696","39882","40461","40659","40602","40814",
"괴산군","총인구수[명]","명","47068","46272","45468","44380","43126","41827","40411","39586","38595","37570","36873","36566","36775","36827","37333","37713","38059","38351","38787","38973","39054","39133","39163","39393","38122","37055","36590","36252",
"괴산군","남자인구수[명]","명","23793","23382","23043","22393","21760","21097","20448","19991","19487","18959","18617","18422","18520","18615","18896","19139","19341","19488","19727","19773","19855","19924","20013","20225","19612","19082","18872","18782",
"괴산군","여자인구수[명]","명","23275","22890","22425","21987","21366","20730","19963","19595","19108","18611","18256","18144","18255","18212","18437","18574","18718","18863","19060","19200","19199","19209","19150","19168","18510","17973","17718","17470",
"음성군","총인구수[명]","명","87104","87023","87747","87956","87289","86562","85771","85638","85969","86789","88355","89542","89716","91093","91644","92980","93505","95324","96396","97787","97306","95830","94982","93153","92197","92058","91183","91236",
"음성군","남자인구수[명]","명","44664","44611","44999","45045","44840","44546","44259","44340","44561","45029","45962","46643","46903","47768","48030","48743","48991","49919","50648","51372","51156","50546","50264","49388","48883","48849","48454","48618",
"음성군","여자인구수[명]","명","42440","42412","42748","42911","42449","42016","41512","41298","41408","41760","42393","42899","42813","43325","43614","44237","44514","45405","45748","46415","46150","45284","44718","43765","43314","43209","42729","42618",
"단양군","총인구수[명]","명","42738","42302","41137","40000","38721","37320","35701","34743","34122","33346","32399","31929","31842","31817","31595","31253","31171","30948","30761","30503","30215","30255","29756","29155","28331","27767","27701","27352",
"단양군","남자인구수[명]","명","21676","21453","20839","20234","19600","18847","17997","17580","17205","16772","16288","16057","16062","16081","15987","15772","15663","15566","15496","15362","15198","15237","15058","14782","14360","14120","14087","13967",
"단양군","여자인구수[명]","명","21062","20849","20298","19766","19121","18473","17704","17163","16917","16574","16111","15872","15780","15736","15608","15481","15508","15382","15265","15141","15017","15018","14698","14373","13971","13647","13614","13385",
"증평출장소","총인구수[명]","명","33127","32962","33333","32286","31392","30738","","","","","","","","","","","","","","","","","","","","","","",
"증평출장소","남자인구수[명]","명","16788","16675","16835","16299","15852","15551","","","","","","","","","","","","","","","","","","","","","","",
"증평출장소","여자인구수[명]","명","16339","16287","16498","15987","15540","15187","","","","","","","","","","","","","","","","","","","","","","",
"충청남도","총인구수[명]","명","1897074","1913428","1919330","1921604","1918137","1907725","1912803","1953406","1962646","1974433","1995531","2018537","2037582","2075514","2101284","2028777","2047631","2062273","2077649","2096727","2116770","2126282","2123709","2121029","2119257","2123037","2130119","2136574",
"충청남도","남자인구수[명]","명","953013","962117","965846","966413","964509","958290","960719","982648","988191","995826","1007900","1020317","1029725","1049363","1063012","1026812","1037421","1045892","1054439","1064765","1076270","1082009","1081938","1082634","1083366","1086632","1091570","1096128",
"충청남도","여자인구수[명]","명","944061","951311","953484","955191","953628","949435","952084","970758","974455","978607","987631","998220","1007857","1026151","1038272","1001965","1010210","1016381","1023210","1031962","1040500","1044273","1041771","1038395","1035891","1036405","1038549","1040446",
"천안시","총인구수[명]","명","370928","383990","403017","421418","432534","441243","456501","503082","512482","523323","531956","537698","540832","557673","571377","581988","591089","598346","605776","617955","631531","646075","652258","658808","658486","657559","655959","659920",
"천안시","남자인구수[명]","명","187094","193747","203112","212410","218045","222395","230322","254072","258765","264491","268883","271984","273299","282595","289642","295203","300141","304099","307821","314122","321435","329079","332447","336221","336612","336716","336169","338613",
"천안시","여자인구수[명]","명","183834","190243","199905","209008","214489","218848","226179","249010","253717","258832","263073","265714","267533","275078","281735","286785","290948","294247","297955","303833","310096","316996","319811","322587","321874","320843","319790","321307",
"동남구","총인구수[명]","명","","","","","","","","","","","","235270","237854","247323","252942","257908","260575","261768","261474","258919","255878","257978","259411","258009","255292","255647","256691","261172",
"동남구","남자인구수[명]","명","","","","","","","","","","","","118742","120108","125070","127940","130511","131898","132641","132345","131135","129875","130988","131586","130719","129399","129680","130122","132507",
"동남구","여자인구수[명]","명","","","","","","","","","","","","116528","117746","122253","125002","127397","128677","129127","129129","127784","126003","126990","127825","127290","125893","125967","126569","128665",
"서북구","총인구수[명]","명","","","","","","","","","","","","302428","302978","310350","318435","324080","330514","336578","344302","359036","375653","388097","392847","400799","403194","401912","399268","398748",
"서북구","남자인구수[명]","명","","","","","","","","","","","","153242","153191","157525","161702","164692","168243","171458","175476","182987","191560","198091","200861","205502","207213","207036","206047","206106",
"서북구","여자인구수[명]","명","","","","","","","","","","","","149186","149787","152825","156733","159388","162271","165120","168826","176049","184093","190006","191986","195297","195981","194876","193221","192642",
"공주시","총인구수[명]","명","136617","136988","136819","135589","133978","132584","130957","130280","129489","128330","126612","125143","124172","124930","124748","117298","116369","113621","111261","109931","108432","107581","106474","104545","103145","102571","102104","101285",
"공주시","남자인구수[명]","명","68429","68733","68704","68044","67232","66478","65669","65577","65165","64591","63841","63153","62678","63097","62989","59145","58728","57314","55958","55221","54437","53979","53343","52297","51459","51231","50924","50546",
"공주시","여자인구수[명]","명","68188","68255","68115","67545","66746","66106","65288","64703","64324","63739","62771","61990","61494","61833","61759","58153","57641","56307","55303","54710","53995","53602","53131","52248","51686","51340","51180","50739",
"보령시","총인구수[명]","명","121765","122191","120721","118504","116306","113365","110380","108861","108056","107591","107637","106885","106754","107346","106421","105559","104938","104321","104754","103873","103198","101990","101114","100229","98408","97157","95772","93780",
"보령시","남자인구수[명]","명","61766","62038","61283","60045","58877","57387","55825","55125","54694","54455","54426","54065","53990","54188","53685","53272","53010","52668","52968","52521","52214","51580","51146","50807","49933","49237","48494","47484",
"보령시","여자인구수[명]","명","59999","60153","59438","58459","57429","55978","54555","53736","53362","53136","53211","52820","52764","53158","52736","52287","51928","51653","51786","51352","50984","50410","49968","49422","48475","47920","47278","46296",
"아산시","총인구수[명]","명","175658","179199","180618","184191","186469","191123","193122","200938","204431","211560","221490","240942","256449","265191","274523","280490","287073","293954","297737","302929","311453","312822","314395","316129","324580","334539","345796","355014",
"아산시","남자인구수[명]","명","88588","90538","91310","93337","94446","95990","96821","100637","103065","107303","112929","122763","130253","134672","139635","143069","146565","150506","152634","155692","160483","161546","162694","164115","168881","174333","180223","185092",
"아산시","여자인구수[명]","명","87070","88661","89308","90854","92023","95133","96301","100301","101366","104257","108561","118179","126196","130519","134888","137421","140508","143448","145103","147237","150970","151276","151701","152014","155699","160206","165573","169922",
"서산시","총인구수[명]","명","149585","150618","150763","150028","150116","148150","151818","150131","150294","150889","153569","156867","158886","160468","161489","163315","165837","167611","170099","170788","171678","174162","174690","175591","176645","176413","176011","174445",
"서산시","남자인구수[명]","명","75813","76302","76288","75809","75775","74755","76453","75964","76176","76600","77996","79808","80943","81747","82448","83439","84858","85841","87280","87770","88359","89793","90348","91399","92122","92011","92112","91328",
"서산시","여자인구수[명]","명","73772","74316","74475","74219","74341","73395","75365","74167","74118","74289","75573","77059","77943","78721","79041","79876","80979","81770","82819","83018","83319","84369","84342","84192","84523","84402","83899","83117",
"계룡출장소","총인구수[명]","명","21821","25707","26767","27505","28775","29830","","","","","","","","","","","","","","","","","","","","","","",
"계룡출장소","남자인구수[명]","명","10843","12697","13262","13666","14249","14701","","","","","","","","","","","","","","","","","","","","","","",
"계룡출장소","여자인구수[명]","명","10978","13010","13505","13839","14526","15129","","","","","","","","","","","","","","","","","","","","","","",
"논산시","총인구수[명]","명","147265","146629","144488","142390","140287","137419","135719","135572","134217","131466","129486","127797","127097","127507","127533","126653","125844","124784","124232","123213","122240","120230","118842","116675","114483","112617","110423","108529",
"논산시","남자인구수[명]","명","73409","73269","72335","71169","70197","68795","67899","67799","67094","65863","64929","64156","63802","63944","63800","63212","62954","62387","62142","61724","61204","60113","59406","58316","57147","56237","55187","54346",
"논산시","여자인구수[명]","명","73856","73360","72153","71221","70090","68624","67820","67773","67123","65603","64557","63641","63295","63563","63733","63441","62890","62397","62090","61489","61036","60117","59436","58359","57336","56380","55236","54183",
"계룡시","총인구수[명]","명","","","","","","","31058","31174","34370","36846","37775","41411","42760","43088","42942","41550","40957","40552","41730","42634","43967","43731","42971","42822","43331","44475","46667","46540",
"계룡시","남자인구수[명]","명","","","","","","","15404","15467","17032","18238","18692","20388","21152","21322","21321","20633","20304","20118","20703","21148","21834","21674","21338","21343","21563","22166","23294","23219",
"계룡시","여자인구수[명]","명","","","","","","","15654","15707","17338","18608","19083","21023","21608","21766","21621","20917","20653","20434","21027","21486","22133","22057","21633","21479","21768","22309","23373","23321",
"당진시","총인구수[명]","명","","","","","","","","","","","","","","","","155104","159615","162844","165122","166630","167439","167770","167042","166249","167092","168253","170302","171931",
"당진시","남자인구수[명]","명","","","","","","","","","","","","","","","","80427","82925","84963","86454","87388","88026","88423","88299","88206","88952","89606","90987","92131",
"당진시","여자인구수[명]","명","","","","","","","","","","","","","","","","74677","76690","77881","78668","79242","79413","79347","78743","78043","78140","78647","79315","79800",
"금산군","총인구수[명]","명","70125","67760","65287","64515","62985","61350","60740","60048","58378","57552","57690","56740","56220","56555","56030","55715","55441","55166","54879","54612","53894","53222","52257","51413","50477","50092","50093","49615",
"금산군","남자인구수[명]","명","35147","34188","33093","32716","31981","31150","30751","30506","29708","29210","29239","28830","28575","28736","28393","28232","28116","27981","27769","27558","27181","26836","26309","25928","25466","25315","25355","25146",
"금산군","여자인구수[명]","명","34978","33572","32194","31799","31004","30200","29989","29542","28670","28342","28451","27910","27645","27819","27637","27483","27325","27185","27110","27054","26713","26386","25948","25485","25011","24777","24738","24469",
"연기군","총인구수[명]","명","80274","80601","80947","80471","81328","82323","82733","84455","84308","82747","79977","78645","79482","81871","82890","","","","","","","","","","","","","",
"연기군","남자인구수[명]","명","40305","40368","40787","40582","41047","41522","41683","42743","42807","42174","40807","40238","40640","41648","42207","","","","","","","","","","","","","",
"연기군","여자인구수[명]","명","39969","40233","40160","39889","40281","40801","41050","41712","41501","40573","39170","38407","38842","40223","40683","","","","","","","","","","","","","",
"부여군","총인구수[명]","명","98138","97065","95044","92667","90373","88014","85275","83260","81430","79595","77916","76687","75564","75029","74004","73259","72547","71754","71143","70187","69086","68078","66740","65354","63774","62343","61046","59550",
"부여군","남자인구수[명]","명","48849","48391","47490","46212","45080","43902","42612","41722","40756","39757","38961","38338","37810","37503","36945","36570","36193","35661","35298","34837","34259","33721","33049","32374","31634","30970","30417","29658",
"부여군","여자인구수[명]","명","49289","48674","47554","46455","45293","44112","42663","41538","40674","39838","38955","38349","37754","37526","37059","36689","36354","36093","35845","35350","34827","34357","33691","32980","32140","31373","30629","29892",
"서천군","총인구수[명]","명","80973","80078","77953","75259","72787","70116","67414","65650","64322","62629","61168","60507","60066","60085","59541","58920","58441","57713","56910","56012","55175","53922","52805","51866","50745","49964","49116","48204",
"서천군","남자인구수[명]","명","40251","39876","38875","37363","36102","34787","33451","32581","31898","31016","30269","29946","29664","29606","29285","29041","28754","28392","28039","27539","27176","26620","26110","25614","25081","24709","24257","23879",
"서천군","여자인구수[명]","명","40722","40202","39078","37896","36685","35329","33963","33069","32424","31613","30899","30561","30402","30479","30256","29879","29687","29321","28871","28473","27999","27302","26695","26252","25664","25255","24859","24325",
"청양군","총인구수[명]","명","43404","42920","42109","41025","40029","38588","36992","35626","34921","34086","33604","33062","32613","32541","32291","32087","32155","32248","32485","32753","32837","32296","31717","30948","30440","30266","30168","29658",
"청양군","남자인구수[명]","명","21834","21583","21181","20588","20072","19332","18573","17840","17519","17160","16942","16695","16468","16366","16222","16097","16076","16103","16236","16389","16527","16271","15997","15691","15472","15421","15427","15163",
"청양군","여자인구수[명]","명","21570","21337","20928","20437","19957","19256","18419","17786","17402","16926","16662","16367","16145","16175","16069","15990","16079","16145","16249","16364","16310","16025","15720","15257","14968","14845","14741","14495",
"홍성군","총인구수[명]","명","99077","98920","97288","95369","93558","91377","94658","91223","90931","89555","88685","88176","87631","88078","88108","88415","89704","91866","94553","99971","101570","101082","100423","100102","99324","98068","97524","99198",
"홍성군","남자인구수[명]","명","49375","49290","48525","47543","46659","45528","46915","45358","45176","44576","44109","43808","43612","43800","43842","44035","44702","45847","47198","49769","50530","50244","49931","49796","49437","48835","48677","49550",
"홍성군","여자인구수[명]","명","49702","49630","48763","47826","46899","45849","47743","45865","45755","44979","44576","44368","44019","44278","44266","44380","45002","46019","47355","50202","51040","50838","50492","50306","49887","49233","48847","49648",
"예산군","총인구수[명]","명","106248","105346","103763","101432","100289","97786","95029","91832","90740","89585","88670","88144","87163","87002","86421","85876","85205","84919","83484","81339","80338","80083","79238","78084","76801","77385","78354","78772",
"예산군","남자인구수[명]","명","53051","52662","52038","50762","50175","48935","47586","46043","45503","44949","44560","44239","43783","43675","43335","43033","42660","42506","41870","40827","40280","40171","39806","39156","38574","38848","39285","39533",
"예산군","여자인구수[명]","명","53197","52684","51725","50670","50114","48851","47443","45789","45237","44636","44110","43905","43380","43327","43086","42843","42545","42413","41614","40512","40058","39912","39432","38928","38227","38537","39069","39239",
"태안군","총인구수[명]","명","70043","70056","69162","68746","67878","66062","63930","63764","63794","63754","63042","63401","63095","63247","62747","62548","62416","62574","63484","63900","63932","63238","62743","62214","61526","61335","60784","60133",
"태안군","남자인구수[명]","명","35153","35242","34848","34546","34069","33122","32117","32014","32044","32077","31670","31825","31651","31744","31560","31404","31435","31506","32069","32260","32325","31959","31715","31371","31033","30997","30762","30440",
"태안군","여자인구수[명]","명","34890","34814","34314","34200","33809","32940","31813","31750","31750","31677","31372","31576","31444","31503","31187","31144","30981","31068","31415","31640","31607","31279","31028","30843","30493","30338","30022","29693",
"당진군","총인구수[명]","명","125153","125360","124584","122495","120445","118395","116477","117510","120483","124925","136254","136432","138798","144903","150219","","","","","","","","","","","","","",
"당진군","남자인구수[명]","명","63106","63193","62715","61621","60503","59511","58638","59200","60789","63366","69647","70081","71405","74720","77703","","","","","","","","","","","","","",
"당진군","여자인구수[명]","명","62047","62167","61869","60874","59942","58884","57839","58310","59694","61559","66607","66351","67393","70183","72516","","","","","","","","","","","","","",
"전북특별자치도","총인구수[명]","명","2001606","2009250","2009507","1999255","2006454","1953846","1954430","1906742","1885335","1868365","1862277","1855772","1854508","1868963","1874031","1873341","1872965","1871560","1869711","1864791","1854607","1836832","1818917","1804104","1786855","1769607","1754757","1738690",
"전북특별자치도","남자인구수[명]","명","994897","999878","999826","993967","995701","971729","970289","948697","938746","930450","927367","924770","924480","931481","934002","933386","932894","931536","930255","927505","922307","913297","904110","896874","888994","880592","873419","866030",
"전북특별자치도","여자인구수[명]","명","1006709","1009372","1009681","1005288","1010753","982117","984141","958045","946589","937915","934910","931002","930028","937482","940029","939955","940071","940024","939456","937286","932300","923535","914807","907230","897861","889015","881338","872660",
"전주시","총인구수[명]","명","588885","599196","610566","620521","622283","624485","618819","622472","621749","624849","623926","631532","635007","641525","645894","648863","650082","652877","652282","651744","648964","651091","654394","657432","657269","651495","642727","635651",
"전주시","남자인구수[명]","명","291012","296422","301963","306763","307457","308529","305979","307510","307062","308267","307969","311493","313479","316749","318945","320457","320998","321874","321515","321048","319442","320576","322236","323542","323427","320265","315709","312053",
"전주시","여자인구수[명]","명","297873","302774","308603","313758","314826","315956","312840","314962","314687","316582","315957","320039","321528","324776","326949","328406","329084","331003","330767","330696","329522","330515","332158","333890","333842","331230","327018","323598",
"완산구","총인구수[명]","명","163528","322399","325835","332517","335556","342063","342672","345623","348968","351051","348930","352259","352737","357919","362636","363986","363694","364872","365605","361845","359012","345065","338839","339718","335804","332573","327178","321910",
"완산구","남자인구수[명]","명","80350","158674","160280","163498","164968","168143","168298","169635","171123","171880","170946","172342","172728","175373","177700","178333","178117","178376","178682","176778","175076","168181","165180","165413","163494","161835","158979","156079",
"완산구","여자인구수[명]","명","83178","163725","165555","169019","170588","173920","174374","175988","177845","179171","177984","179917","180009","182546","184936","185653","185577","186496","186923","185067","183936","176884","173659","174305","172310","170738","168199","165831",
"덕진구","총인구수[명]","명","271260","276797","284731","288004","286727","282422","276147","276849","272781","273798","274996","279273","282270","283606","283258","284877","286388","288005","286677","289899","289952","306026","315555","317714","321465","318922","315549","313741",
"덕진구","남자인구수[명]","명","134843","137748","141683","143265","142489","140386","137681","137875","135939","136387","137023","139151","140751","141376","141245","142124","142881","143498","142833","144270","144366","152395","157056","158129","159933","158430","156730","155974",
"덕진구","여자인구수[명]","명","136417","139049","143048","144739","144238","142036","138466","138974","136842","137411","137973","140122","141519","142230","142013","142753","143507","144507","143844","145629","145586","153631","158499","159585","161532","160492","158819","157767",
"전주시효자출장소","총인구수[명]","명","154097","","","","","","","","","","","","","","","","","","","","","","","0","","0","","",
"전주시효자출장소","남자인구수[명]","명","75819","","","","","","","","","","","","","","","","","","","","","","","0","","0","","",
"전주시효자출장소","여자인구수[명]","명","78278","","","","","","","","","","","","","","","","","","","","","","","0","","0","","",
"군산시","총인구수[명]","명","280648","280666","279644","277491","276717","272007","268639","265168","263120","260989","260562","263845","266922","272601","275659","278341","278319","278098","278398","277551","274997","272645","270131","267859","265304","262467","259980","258047",
"군산시","남자인구수[명]","명","141136","141262","140754","139602","138985","136922","135316","133643","132741","131744","131932","133832","135581","138380","140108","141486","141436","141252","141328","140793","139246","137897","136421","135332","134290","132887","131719","130936",
"군산시","여자인구수[명]","명","139512","139404","138890","137889","137732","135085","133323","131525","130379","129245","128630","130013","131341","134221","135551","136855","136883","136846","137070","136758","135751","134748","133710","132527","131014","129580","128261","127111",
"익산시","총인구수[명]","명","330310","333788","335277","334324","334757","330101","325238","322378","318506","315094","313590","309269","306669","307289","309804","306469","306539","304117","302061","300479","300187","294062","287771","282276","278113","273697","270036","268001",
"익산시","남자인구수[명]","명","164103","165995","166861","166602","166837","164595","162290","160934","159043","157548","156648","154648","153348","153673","155042","153203","153261","151864","150621","149740","149587","146494","143392","140573","138427","136330","134381","133433",
"익산시","여자인구수[명]","명","166207","167793","168416","167722","167920","165506","162948","161444","159463","157546","156942","154621","153321","153616","154762","153266","153278","152253","151440","150739","150600","147568","144379","141703","139686","137367","135655","134568",
"익산시함열출장소","총인구수[명]","명","","","","","","","","","","","","","","","","","","","","","","","","0","","0","","",
"익산시함열출장소","남자인구수[명]","명","","","","","","","","","","","","","","","","","","","","","","","","0","","0","","",
"익산시함열출장소","여자인구수[명]","명","","","","","","","","","","","","","","","","","","","","","","","","0","","0","","",
"정읍시","총인구수[명]","명","150343","150505","151134","152022","151813","139133","155319","132285","129050","126249","124239","122842","121545","122000","120466","119392","118328","117183","115977","115173","113776","112169","110541","108508","106487","105081","103620","102127",
"정읍시","남자인구수[명]","명","74031","74241","74270","74401","74225","68522","75220","65218","63695","62449","61489","60711","60094","60396","59639","59092","58508","57922","57335","57008","56365","55529","54736","53791","52892","52272","51624","50997",
"정읍시","여자인구수[명]","명","76312","76264","76864","77621","77588","70611","80099","67067","65355","63800","62750","62131","61451","61604","60827","60300","59820","59261","58642","58165","57411","56640","55805","54717","53595","52809","51996","51130",
"남원시","총인구수[명]","명","107180","106300","104544","103571","103977","100392","101950","96243","93670","91265","89247","88356","87675","87775","87455","87000","86460","85643","84856","84188","83281","82554","81441","80662","79431","77948","76781","75647",
"남원시","남자인구수[명]","명","53006","52615","51856","51130","51263","49643","50197","47495","46201","44904","43837","43446","43199","43236","42944","42730","42415","42034","41634","41341","40868","40508","39884","39560","38965","38246","37674","37120",
"남원시","여자인구수[명]","명","54174","53685","52688","52441","52714","50749","51753","48748","47469","46361","45410","44910","44476","44539","44511","44270","44045","43609","43222","42847","42413","42046","41557","41102","40466","39702","39107","38527",
"김제시","총인구수[명]","명","122761","121636","118563","115865","115244","110989","110710","105195","102720","100238","97615","95807","94770","94346","93111","92317","91218","90108","88721","87782","86926","85331","83895","82450","80913","81455","81430","80635",
"김제시","남자인구수[명]","명","61266","60838","59387","57871","57386","55360","55101","52545","51298","50111","48726","47869","47288","46941","46202","45830","45207","44657","43957","43527","43110","42357","41624","40844","40193","40476","40631","40360",
"김제시","여자인구수[명]","명","61495","60798","59176","57994","57858","55629","55609","52650","51422","50127","48889","47938","47482","47405","46909","46487","46011","45451","44764","44255","43816","42974","42271","41606","40720","40979","40799","40275",
"완주군","총인구수[명]","명","86055","86138","85540","84009","86719","84626","83649","82482","83651","83199","82972","83757","83885","85119","84660","86164","86978","90377","95303","95480","95975","94444","92220","91609","91142","92422","97827","99279",
"완주군","남자인구수[명]","명","43848","43991","43738","43039","44259","43319","42831","42323","43102","42953","42857","43257","43210","43775","43389","44165","44635","46425","48889","48950","49282","48457","47290","47077","46845","47529","50192","50965",
"완주군","여자인구수[명]","명","42207","42147","41802","40970","42460","41307","40818","40159","40549","40246","40115","40500","40675","41344","41271","41999","42343","43952","46414","46530","46693","45987","44930","44532","44297","44893","47635","48314",
"진안군","총인구수[명]","명","35973","34635","33645","31273","32635","30439","30475","30757","29021","27122","30250","27230","27558","27543","28473","26963","26703","26474","26203","26069","26271","25963","25697","25394","24987","24550","24465","24161",
"진안군","남자인구수[명]","명","18195","17567","17044","15845","16362","15353","15344","15470","14686","13748","15173","13727","13851","13880","14330","13551","13404","13286","13116","13037","13149","13030","12966","12832","12667","12496","12497","12352",
"진안군","여자인구수[명]","명","17778","17068","16601","15428","16273","15086","15131","15287","14335","13374","15077","13503","13707","13663","14143","13412","13299","13188","13087","13032","13122","12933","12731","12562","12320","12054","11968","11809",
"무주군","총인구수[명]","명","30835","30580","31776","29207","30333","27894","26716","26183","25876","25417","26361","26017","25811","25578","25863","25321","25398","25390","25220","24949","24809","24589","24303","24036","23748","23489","23251","23032",
"무주군","남자인구수[명]","명","15392","15285","15714","14516","14949","13816","13260","13006","12928","12707","13126","12948","12787","12684","12830","12553","12565","12580","12484","12371","12294","12209","12090","11959","11826","11731","11629","11572",
"무주군","여자인구수[명]","명","15443","15295","16062","14691","15384","14078","13456","13177","12948","12710","13235","13069","13024","12894","13033","12768","12833","12810","12736","12578","12515","12380","12213","12077","11922","11758","11622","11460",
"장수군","총인구수[명]","명","29770","30513","30159","30051","30445","26349","29445","26788","24755","24209","26687","23864","23478","23386","23215","23191","23243","23335","23277","23628","23003","23221","22441","22085","21695","21336","20983","20663",
"장수군","남자인구수[명]","명","14832","15102","14968","14847","14884","13123","14379","13250","12380","12139","13244","11931","11735","11653","11534","11522","11535","11558","11521","11681","11410","11533","11165","11000","10812","10718","10535","10372",
"장수군","여자인구수[명]","명","14938","15411","15191","15204","15561","13226","15066","13538","12375","12070","13443","11933","11743","11733","11681","11669","11708","11777","11756","11947","11593","11688","11276","11085","10883","10618","10448","10291",
"임실군","총인구수[명]","명","41326","40519","39265","37514","37439","35071","34283","33008","32511","31976","31952","31133","30703","30593","30789","29956","29739","29966","30271","30197","30162","30072","28902","27314","26730","26508","25956","25577",
"임실군","남자인구수[명]","명","20748","20335","19687","18868","18746","17634","17183","16602","16436","16186","16108","15755","15514","15488","15643","15161","15027","15197","15368","15387","15391","15288","14659","13966","13692","13586","13354","13202",
"임실군","여자인구수[명]","명","20578","20184","19578","18646","18693","17437","17100","16406","16075","15790","15844","15378","15189","15105","15146","14795","14712","14769","14903","14810","14771","14784","14243","13348","13038","12922","12602","12375",
"순창군","총인구수[명]","명","37553","36832","35793","34587","33892","32329","31482","31814","32012","32485","32035","30920","30179","30209","29497","30055","30272","30368","30248","29949","29698","29209","28382","27810","26855","26727","26764","26822",
"순창군","남자인구수[명]","명","18482","18209","17642","16982","16616","15837","15406","15531","15607","15853","15576","15100","14802","14829","14416","14567","14658","14739","14679","14427","14349","14156","13756","13520","13189","13138","13161","13217",
"순창군","여자인구수[명]","명","19071","18623","18151","17605","17276","16492","16076","16283","16405","16632","16459","15820","15377","15380","15081","15488","15614","15629","15569","15522","15349","15053","14626","14290","13666","13589","13603","13605",
"고창군","총인구수[명]","명","79723","78587","76099","74104","74286","69657","69639","65203","63676","62030","60962","60328","60102","60861","60065","60440","60522","60090","60046","60597","60472","57041","55504","54529","53386","52338","51750","50982",
"고창군","남자인구수[명]","명","39261","38794","37638","36569","36359","34260","34009","32105","31362","30488","30014","29832","29750","30030","29689","29951","29955","29658","29672","29927","29934","28215","27418","26964","26507","26005","25817","25441",
"고창군","여자인구수[명]","명","40462","39793","38461","37535","37927","35397","35630","33098","32314","31542","30948","30496","30352","30831","30376","30489","30567","30432","30374","30670","30538","28826","28086","27565","26879","26333","25933","25541",
"부안군","총인구수[명]","명","80244","79355","77502","74716","75914","70374","68066","66766","65018","63243","61879","60872","60204","60138","59080","58869","59164","57534","56848","57005","56086","54441","53295","52140","50795","50094","49187","48066",
"부안군","남자인구수[명]","명","39585","39222","38304","36932","37373","34816","33774","33065","32205","31353","30668","30221","29842","29767","29291","29118","29290","28490","28136","28268","27880","27048","26473","25914","25262","24913","24496","24010",
"부안군","여자인구수[명]","명","40659","40133","39198","37784","38541","35558","34292","33701","32813","31890","31211","30651","30362","30371","29789","29751","29874","29044","28712","28737","28206","27393","26822","26226","25533","25181","24691","24056",
"전라남도","총인구수[명]","명","2163353","2171024","2155093","2130614","2099308","2054204","2017730","1986192","1967205","1942925","1929836","1919000","1913004","1918485","1914339","1909618","1907172","1905780","1908996","1903914","1896424","1882970","1868745","1851549","1832803","1817697","1804217","1788819",
"전라남도","남자인구수[명]","명","1078553","1083418","1075783","1061959","1045903","1022322","1004190","989227","980392","968861","963411","958491","955954","958624","956747","954354","952597","951975","953881","951889","948290","943000","937674","930615","922221","915272","909548","902380",
"전라남도","여자인구수[명]","명","1084800","1087606","1079310","1068655","1053405","1031882","1013540","996965","986813","974064","966425","960509","957050","959861","957592","955264","954575","953805","955115","952025","948134","939970","931071","920934","910582","902425","894669","886439",
"목포시","총인구수[명]","명","249764","248568","246381","245492","245344","244909","241460","241717","242988","241679","243312","245651","244339","245422","244871","245073","240936","239109","238382","237739","234379","232327","229861","224044","218589","216939","214156","209890",
"목포시","남자인구수[명]","명","124072","123526","122444","121928","122009","121776","120123","120244","121128","120614","121871","123023","122429","122784","122415","122512","120160","119322","118975","118474","116763","115729","114565","111578","108808","107826","106416","104326",
"목포시","여자인구수[명]","명","125692","125042","123937","123564","123335","123133","121337","121473","121860","121065","121441","122628","121910","122638","122456","122561","120776","119787","119407","119265","117616","116598","115296","112466","109781","109113","107740","105564",
"여수시","총인구수[명]","명","188312","329409","326666","323913","320146","315536","310350","305312","301389","297489","295439","295133","293546","293488","292750","292217","291366","290900","290168","288988","286382","283300","282786","280242","276762","274765","271696","267816",
"여수시","남자인구수[명]","명","94564","166057","164815","163388","161454","159109","156686","154101","152088","150153","149304","149242","148462","148455","148115","147922","147539","147346","147088","146565","145122","143802","143791","142995","141074","139821","138354","136273",
"여수시","여자인구수[명]","명","93748","163352","161851","160525","158692","156427","153664","151211","149301","147336","146135","145891","145084","145033","144635","144295","143827","143554","143080","142423","141260","139498","138995","137247","135688","134944","133342","131543",
"순천시","총인구수[명]","명","264425","266553","267883","270345","271734","271139","269843","270059","270934","269940","270380","269429","269516","272620","272201","273798","275668","277188","278765","278548","279331","279389","279598","282189","281436","278737","278137","276329",
"순천시","남자인구수[명]","명","132123","133124","133828","134897","135653","135306","134729","134934","135311","134881","135160","134665","134706","136321","136084","136833","137674","138325","139163","138959","139167","139114","139324","140772","140466","139014","138814","137943",
"순천시","여자인구수[명]","명","132302","133429","134055","135448","136081","135833","135114","135125","135623","135059","135220","134764","134810","136299","136117","136965","137994","138863","139602","139589","140164","140275","140274","141417","140970","139723","139323","138386",
"나주시","총인구수[명]","명","112393","111719","110148","108459","105832","102825","101708","99308","97980","96417","95439","92884","90875","90118","88243","88067","87754","90669","98182","104376","110110","113839","114664","115613","116726","116456","117377","116654",
"나주시","남자인구수[명]","명","56096","55726","55015","54138","52767","51290","50664","49531","48962","48288","47981","46638","45726","45294","44403","44298","44123","45787","49486","52528","55396","57274","57668","58194","58906","58749","59261","58934",
"나주시","여자인구수[명]","명","56297","55993","55133","54321","53065","51535","51044","49777","49018","48129","47458","46246","45149","44824","43840","43769","43631","44882","48696","51848","54714","56565","56996","57419","57820","57707","58116","57720",
"여천시","총인구수[명]","명","80909","","","","","","","","","","","","","","","","","","","","","","","","","","","",
"여천시","남자인구수[명]","명","40916","","","","","","","","","","","","","","","","","","","","","","","","","","","",
"여천시","여자인구수[명]","명","39993","","","","","","","","","","","","","","","","","","","","","","","","","","","",
"광양시","총인구수[명]","명","132288","136728","138083","137940","138238","137913","136484","137601","138098","138237","138865","141388","143461","145512","150725","150837","151621","152097","153587","155580","155857","156564","156750","151769","150531","152168","152666","154692",
"광양시","남자인구수[명]","명","67642","69902","70456","70381","70534","70299","69729","70318","70570","70607","71056","72439","73549","74789","77670","77678","77990","78128","78815","80012","80301","80972","81365","79144","78626","79523","79892","81108",
"광양시","여자인구수[명]","명","64646","66826","67627","67559","67704","67614","66755","67283","67528","67630","67809","68949","69912","70723","73055","73159","73631","73969","74772","75568","75556","75592","75385","72625","71905","72645","72774","73584",
"담양군","총인구수[명]","명","58600","57797","56536","55089","53268","51535","50933","50613","50364","50332","50441","48347","47286","47808","47819","47612","47365","47177","47009","47229","47285","46917","46535","46280","46180","45792","45373","44623",
"담양군","남자인구수[명]","명","29551","29160","28603","27840","26964","26096","25720","25593","25444","25437","25561","24507","24004","24101","24113","24060","23833","23753","23668","23723","23746","23683","23719","23502","23428","23168","22961","22516",
"담양군","여자인구수[명]","명","29049","28637","27933","27249","26304","25439","25213","25020","24920","24895","24880","23840","23282","23707","23706","23552","23532","23424","23341","23506","23539","23234","22816","22778","22752","22624","22412","22107",
"곡성군","총인구수[명]","명","41236","40809","41609","41149","38767","36754","35297","34396","34157","33631","33311","32608","32084","31886","31332","30878","31009","30732","30672","30400","30131","29624","28887","28039","27535","27060","26905","26566",
"곡성군","남자인구수[명]","명","20067","19966","20244","19968","18922","17884","17143","16690","16610","16357","16083","15796","15540","15475","15224","14997","15085","14976","14948","14786","14643","14417","14114","13707","13540","13386","13375","13192",
"곡성군","여자인구수[명]","명","21169","20843","21365","21181","19845","18870","18154","17706","17547","17274","17228","16812","16544","16411","16108","15881","15924","15756","15724","15614","15488","15207","14773","14332","13995","13674","13530","13374",
"구례군","총인구수[명]","명","35032","34949","34242","33588","32948","31755","30509","30232","29577","28837","28203","27703","27518","27375","27422","27077","27115","27170","27308","27412","27525","27117","26563","25719","25235","24655","24314","24025",
"구례군","남자인구수[명]","명","17167","17189","16846","16522","16161","15563","14963","14786","14484","14122","13798","13515","13414","13346","13380","13193","13196","13199","13278","13342","13392","13191","12924","12519","12285","12052","11890","11736",
"구례군","여자인구수[명]","명","17865","17760","17396","17066","16787","16192","15546","15446","15093","14715","14405","14188","14104","14029","14042","13884","13919","13971","14030","14070","14133","13926","13639","13200","12950","12603","12424","12289",
"여천군","총인구수[명]","명","61246","","","","","","","","","","","","","","","","","","","","","","","","","","","",
"여천군","남자인구수[명]","명","31024","","","","","","","","","","","","","","","","","","","","","","","","","","","",
"여천군","여자인구수[명]","명","30222","","","","","","","","","","","","","","","","","","","","","","","","","","","",
"고흥군","총인구수[명]","명","104470","103256","102542","100989","95864","92715","91518","86747","83830","81068","78589","76605","75127","73924","72607","71560","70631","69641","68601","67656","66736","65777","64913","63922","62762","61880","61113","60190",
"고흥군","남자인구수[명]","명","51544","51004","50580","49583","46998","45163","44450","42168","40739","39365","38020","37060","36298","35666","35055","34464","34003","33483","33027","32556","32112","31783","31445","31051","30569","30170","29893","29597",
"고흥군","여자인구수[명]","명","52926","52252","51962","51406","48866","47552","47068","44579","43091","41703","40569","39545","38829","38258","37552","37096","36628","36158","35574","35100","34624","33994","33468","32871","32193","31710","31220","30593",
"보성군","총인구수[명]","명","65253","64445","63047","61329","59417","57282","55983","54288","53145","51948","50921","50004","49048","48792","47894","47050","46385","45882","45349","44469","43755","42803","41420","40482","39375","38471","37686","37045",
"보성군","남자인구수[명]","명","32052","31690","30943","29984","29037","27840","27141","26410","25894","25207","24715","24231","23738","23586","23120","22690","22395","22146","21928","21503","21153","20725","20063","19719","19221","18823","18465","18204",
"보성군","여자인구수[명]","명","33201","32755","32104","31345","30380","29442","28842","27878","27251","26741","26206","25773","25310","25206","24774","24360","23990","23736","23421","22966","22602","22078","21357","20763","20154","19648","19221","18841",
"화순군","총인구수[명]","명","73698","76299","78042","78610","79219","78443","76123","75023","73673","72615","71551","70327","69675","69368","68985","68378","67829","66772","65848","65303","64680","63933","62737","62522","62624","62024","61254","60735",
"화순군","남자인구수[명]","명","37062","38327","39088","39249","39545","39002","37866","37227","36512","36004","35453","34895","34519","34326","34112","33729","33420","32844","32363","32113","31838","31488","31061","30906","30910","30643","30322","30077",
"화순군","여자인구수[명]","명","36636","37972","38954","39361","39674","39441","38257","37796","37161","36611","36098","35432","35156","35042","34873","34649","34409","33928","33485","33190","32842","32445","31676","31616","31714","31381","30932","30658",
"장흥군","총인구수[명]","명","57500","56894","55533","53392","51738","50232","47837","46568","45542","44451","43468","42783","42097","42394","42552","42672","43004","43190","43513","40669","40136","39312","38563","37800","36547","35650","35046","34451",
"장흥군","남자인구수[명]","명","28023","27765","27108","26001","25124","24232","23023","22436","21923","21421","20948","20641","20329","20509","20582","20697","20870","20961","21091","19670","19499","19085","18690","18381","17785","17402","17121","16876",
"장흥군","여자인구수[명]","명","29477","29129","28425","27391","26614","26000","24814","24132","23619","23030","22520","22142","21768","21885","21970","21975","22134","22229","22422","20999","20637","20227","19873","19419","18762","18248","17925","17575",
"강진군","총인구수[명]","명","52188","51739","51207","49254","50846","46381","44743","43550","42696","41938","41352","41153","41164","41624","41599","40241","40079","39861","38758","37753","36868","36144","35286","34597","33753","33177","32722","32189",
"강진군","남자인구수[명]","명","25293","25130","24887","23898","24404","22412","21607","20993","20530","20086","19753","19606","19603","19778","19744","19192","19123","19021","18507","18127","17731","17350","16944","16715","16359","16128","15949","15766",
"강진군","여자인구수[명]","명","26895","26609","26320","25356","26442","23969","23136","22557","22166","21852","21599","21547","21561","21846","21855","21049","20956","20840","20251","19626","19137","18794","18342","17882","17394","17049","16773","16423",
"해남군","총인구수[명]","명","99329","101758","100792","99230","96445","92323","89981","87736","86238","84338","82529","81043","81148","79579","78346","78150","77684","76981","76194","75121","73604","71901","70354","68806","67166","65831","64575","63120",
"해남군","남자인구수[명]","명","48608","49762","49365","48572","47152","45029","43811","42729","42057","41132","40341","39745","39839","39081","38424","38203","37838","37415","37049","36538","35867","35253","34642","33975","33273","32772","32249","31626",
"해남군","여자인구수[명]","명","50721","51996","51427","50658","49293","47294","46170","45007","44181","43206","42188","41298","41309","40498","39922","39947","39846","39566","39145","38583","37737","36648","35712","34831","33893","33059","32326","31494",
"영암군","총인구수[명]","명","63761","65869","66018","65268","64391","64637","63267","62336","62004","61546","60742","60106","59837","60082","60139","59997","59061","58852","58137","57045","55616","54731","54593","53699","52937","52395","52350","51391",
"영암군","남자인구수[명]","명","31738","33015","32952","32633","32276","32394","31699","31284","31139","30940","30655","30462","30425","30591","30659","30580","30083","30029","29713","29253","28502","28118","28027","27595","27485","27359","27372","26939",
"영암군","여자인구수[명]","명","32023","32854","33066","32635","32115","32243","31568","31052","30865","30606","30087","29644","29412","29491","29480","29417","28978","28823","28424","27792","27114","26613","26566","26104","25452","25036","24978","24452",
"무안군","총인구수[명]","명","71804","71334","71164","70212","68904","65976","63681","62472","61915","61766","63674","66598","72417","74475","75718","75741","79367","81696","82236","82109","82872","81991","81105","86132","91107","90608","90296","92687",
"무안군","남자인구수[명]","명","36122","35920","35877","35296","34621","33104","32016","31393","31153","31145","32038","33486","36379","37383","37927","37997","39705","40869","41098","41153","41473","41104","40659","43254","45753","45607","45431","46533",
"무안군","여자인구수[명]","명","35682","35414","35287","34916","34283","32872","31665","31079","30762","30621","31636","33112","36038","37092","37791","37744","39662","40827","41138","40956","41399","40887","40446","42878","45354","45001","44865","46154",
"함평군","총인구수[명]","명","48237","50854","46830","45232","43522","41965","42119","40205","40189","38647","37998","37432","37089","36702","36134","35780","35610","35090","34876","34397","34328","33420","32861","32050","31274","30784","30601","30010",
"함평군","남자인구수[명]","명","23905","25220","23363","22487","21585","20732","20708","19844","19849","19122","18832","18543","18406","18157","17872","17668","17665","17399","17237","17047","17004","16642","16404","16062","15730","15539","15505","15255",
"함평군","여자인구수[명]","명","24332","25634","23467","22745","21937","21233","21411","20361","20340","19525","19166","18889","18683","18545","18262","18112","17945","17691","17639","17350","17324","16778","16457","15988","15544","15245","15096","14755",
"영광군","총인구수[명]","명","74724","75658","74760","72780","70120","67055","64148","62959","61500","60045","58837","58075","57037","57362","56863","57224","57617","56833","56267","55618","54774","54127","53852","53099","51985","52197","51750","52098",
"영광군","남자인구수[명]","명","37247","37832","37486","36346","34863","33318","31879","31322","30621","29901","29256","28833","28357","28549","28212","28460","28691","28286","27997","27724","27296","27000","26828","26468","25959","26081","25874","26061",
"영광군","여자인구수[명]","명","37477","37826","37274","36434","35257","33737","32269","31637","30879","30144","29581","29242","28680","28813","28651","28764","28926","28547","28270","27894","27478","27127","27024","26631","26026","26116","25876","26037",
"장성군","총인구수[명]","명","57664","56992","56462","55986","54687","52542","51493","50200","49165","47870","47410","46602","46214","46514","46245","46289","46292","46273","46360","46104","46111","45795","45739","44464","43365","43146","42543","42026",
"장성군","남자인구수[명]","명","29007","28730","28444","28074","27439","26416","25899","25320","24878","24265","24111","23760","23577","23659","23543","23472","23385","23345","23394","23275","23300","23205","23489","22781","22206","22162","21892","21548",
"장성군","여자인구수[명]","명","28657","28262","28018","27912","27248","26126","25594","24880","24287","23605","23299","22842","22637","22855","22702","22817","22907","22928","22966","22829","22811","22590","22250","21683","21159","20984","20651","20478",
"완도군","총인구수[명]","명","69409","68915","68833","66978","65397","62964","61145","59950","58841","57464","56201","54999","54301","54269","54037","53871","53619","53174","53014","52668","52109","51477","50689","49916","48631","47597","46641","45631",
"완도군","남자인구수[명]","명","34670","34437","34461","33417","32561","31224","30422","29860","29315","28608","27965","27312","26916","26927","26799","26782","26662","26453","26430","26285","26092","25822","25457","25099","24475","24017","23545","23072",
"완도군","여자인구수[명]","명","34739","34478","34372","33561","32836","31740","30723","30090","29526","28856","28236","27687","27385","27342","27238","27089","26957","26721","26584","26383","26017","25655","25232","24817","24156","23580","23096","22559",
"진도군","총인구수[명]","명","44256","43865","43362","42229","41139","39619","38382","37329","36529","35953","35206","34412","33931","33743","33502","33208","32998","32746","32476","32078","31765","31219","30715","31227","30066","29507","28979","28478",
"진도군","남자인구수[명]","명","21479","21351","21135","20459","19868","19009","18397","17907","17521","17336","16955","16572","16371","16309","16224","16058","16012","15919","15801","15701","15592","15328","15093","15429","14908","14684","14453","14173",
"진도군","여자인구수[명]","명","22777","22514","22227","21770","21271","20610","19985","19422","19008","18617","18251","17840","17560","17434","17278","17150","16986","16827","16675","16377","16173","15891","15622","15798","15158","14823","14526","14305",
"신안군","총인구수[명]","명","56855","56614","54953","53150","51342","49704","50726","47591","46451","46714","45968","45718","45294","45428","44355","43898","44162","43747","43294","42652","42070","41263","40274","38938","38217","37858","38037","38173",
"신안군","남자인구수[명]","명","28581","28585","27843","26898","25966","25124","25515","24137","23664","23870","23555","23520","23367","23538","23070","22869","23145","22969","22825","22555","22301","21915","21402","20769","20455","20346","20514","20625",
"신안군","여자인구수[명]","명","28274","28029","27110","26252","25376","24580","25211","23454","22787","22844","22413","22198","21927","21890","21285","21029","21017","20778","20469","20097","19769","19348","18872","18169","17762","17512","17523","17548",
"경상북도","총인구수[명]","명","2799084","2809595","2808567","2797178","2784704","2756744","2720832","2695917","2688491","2688577","2681364","2673931","2669876","2689920","2699195","2698353","2699440","2700794","2702826","2700398","2691706","2676831","2665836","2639422","2626609","2600492","2554324","2531384",
"경상북도","남자인구수[명]","명","1403153","1408418","1407843","1401512","1394244","1380211","1363201","1352420","1349437","1349830","1346756","1343199","1340977","1351202","1355727","1355294","1355951","1356182","1357306","1356868","1353164","1346689","1342037","1329211","1323661","1311881","1290298","1280547",
"경상북도","여자인구수[명]","명","1395931","1401177","1400724","1395666","1390460","1376533","1357631","1343497","1339054","1338747","1334608","1330732","1328899","1338718","1343468","1343059","1343489","1344612","1345520","1343530","1338542","1330142","1323799","1310211","1302948","1288611","1264026","1250837",
"포항시","총인구수[명]","명","511675","512001","513390","515977","515039","511667","508850","507129","507052","505008","505555","508119","509475","514755","517088","518913","519467","519368","519584","516775","513832","510013","507025","502916","503852","496650","493033","491581",
"포항시","남자인구수[명]","명","259676","259956","260652","261872","261245","259751","258420","257688","257849","257090","257385","258441","259082","261586","262648","263576","263461","263070","262814","261105","259491","257789","256140","254222","255292","251630","250242","249710",
"포항시","여자인구수[명]","명","251999","252045","252738","254105","253794","251916","250430","249441","249203","247918","248170","249678","250393","253169","254440","255337","256006","256298","256770","255670","254341","252224","250885","248694","248560","245020","242791","241871",
"남구","총인구수[명]","명","","","","","","","259237","255608","255866","252219","253451","253771","252584","254288","252556","251434","249709","247649","246445","244748","242469","239400","235633","230422","230801","227486","226278","220613",
"남구","남자인구수[명]","명","","","","","","","133067","131310","131578","129980","130728","130755","130204","131125","130216","129686","128687","127446","126724","125811","124553","123222","121261","118767","119438","117785","117509","114597",
"남구","여자인구수[명]","명","","","","","","","126170","124298","124288","122239","122723","123016","122380","123163","122340","121748","121022","120203","119721","118937","117916","116178","114372","111655","111363","109701","108769","106016",
"북구","총인구수[명]","명","","","","","","","249613","251521","251186","252789","252104","254348","256891","260467","264532","267479","269758","271719","273139","272027","271363","270613","271392","272494","273051","269164","266755","270968",
"북구","남자인구수[명]","명","","","","","","","125353","126378","126271","127110","126657","127686","128878","130461","132432","133890","134774","135624","136090","135294","134938","134567","134879","135455","135854","133845","132733","135113",
"북구","여자인구수[명]","명","","","","","","","124260","125143","124915","125679","125447","126662","128013","130006","132100","133589","134984","136095","137049","136733","136425","136046","136513","137039","137197","135319","134022","135855",
"경주시","총인구수[명]","명","291146","291414","291614","290149","287506","284589","281177","277870","275087","273419","272206","269343","267466","267098","265488","264091","263283","261535","259773","259452","257903","256864","255402","253502","251889","249607","247489","244769",
"경주시","남자인구수[명]","명","144931","145125","145219","144336","143029","141561","139926","138536","137261","136505","136019","134663","133819","133646","132822","132100","131725","130820","130055","129944","129178","128802","127928","126911","126024","124909","123906","122608",
"경주시","여자인구수[명]","명","146215","146289","146395","145813","144477","143028","141251","139334","137826","136914","136187","134680","133647","133452","132666","131991","131558","130715","129718","129508","128725","128062","127474","126591","125865","124698","123583","122161",
"김천시","총인구수[명]","명","150366","150144","151459","149864","150858","146666","150306","143527","141632","139682","139084","138056","135918","136136","136185","135504","135259","135456","140132","142256","142908","141104","141229","140548","140239","139324","137515","135446",
"김천시","남자인구수[명]","명","74591","74445","75192","74404","74850","72847","74191","71276","70312","69386","69126","68569","67446","67573","67528","67317","67222","67355","70004","71201","71556","70663","70743","70525","70305","69900","69082","68101",
"김천시","여자인구수[명]","명","75775","75699","76267","75460","76008","73819","76115","72251","71320","70296","69958","69487","68472","68563","68657","68187","68037","68101","70128","71055","71352","70441","70486","70023","69934","69424","68433","67345",
"안동시","총인구수[명]","명","188459","187515","186188","183903","181838","179326","175677","174037","171387","168733","167916","167300","167432","167886","168157","168302","168461","168697","169221","168798","166272","162180","160052","158907","156972","154610","152935","153159",
"안동시","남자인구수[명]","명","94186","93913","93202","91997","90905","89597","87722","86876","85624","84220","83582","83145","82991","83013","83037","83091","83229","83240","83491","83341","82143","80204","79239","78661","77590","76447","75538","75871",
"안동시","여자인구수[명]","명","94273","93602","92986","91906","90933","89729","87955","87161","85763","84513","84334","84155","84441","84873","85120","85211","85232","85457","85730","85457","84129","81976","80813","80246","79382","78163","77397","77288",
"구미시","총인구수[명]","명","321463","328659","335487","336914","344159","350011","355629","365681","374614","386465","391897","393959","396419","404920","413446","416949","419428","420320","419915","419891","421799","421494","419742","416328","412581","408110","405506","404820",
"구미시","남자인구수[명]","명","163302","166430","169846","170523","174049","177268","180520","185980","190863","196423","199147","200203","201402","206195","210447","212041","213652","214452","214528","214600","215826","215863","215208","213720","212021","209909","209131","209069",
"구미시","여자인구수[명]","명","158161","162229","165641","166391","170110","172743","175109","179701","183751","190042","192750","193756","195017","198725","202999","204908","205776","205868","205387","205291","205973","205631","204534","202608","200560","198201","196375","195751",
"영주시","총인구수[명]","명","135230","134774","133534","131175","128707","126040","123806","121513","119098","116965","115083","113930","113309","113926","114148","113547","112625","110780","109735","109247","108371","106801","105067","103119","101942","100749","100199","98870",
"영주시","남자인구수[명]","명","67536","67462","66937","65724","64395","63135","61968","60812","59583","58425","57397","56785","56481","56713","56759","56442","56102","55109","54518","54245","53737","52941","52060","51070","50591","49920","49730","49141",
"영주시","여자인구수[명]","명","67694","67312","66597","65451","64312","62905","61838","60701","59515","58540","57686","57145","56828","57213","57389","57105","56523","55671","55217","55002","54634","53860","53007","52049","51351","50829","50469","49729",
"영천시","총인구수[명]","명","121198","122609","121930","119639","117991","115401","112423","109520","107337","105029","105819","104022","103115","103190","104182","101798","100778","100689","100648","100521","100615","101595","102470","102015","101888","101088","100212","98143",
"영천시","남자인구수[명]","명","60482","61317","60959","59849","59047","57803","56266","54818","53683","52584","52896","52090","51813","51895","52547","51337","50743","50619","50641","50644","50857","51453","52100","51812","51737","51406","51137","50226",
"영천시","여자인구수[명]","명","60716","61292","60971","59790","58944","57598","56157","54702","53654","52445","52923","51932","51302","51295","51635","50461","50035","50070","50007","49877","49758","50142","50370","50203","50151","49682","49075","47917",
"상주시","총인구수[명]","명","130564","129259","127127","124674","122047","118999","115337","112585","110444","108280","106600","105381","106208","105607","104685","104182","103346","102892","102374","101799","100947","100297","100688","97228","95566","94823","93858","91850",
"상주시","남자인구수[명]","명","64630","64018","63005","61693","60234","58697","56857","55402","54283","53248","52389","51844","52321","52081","51569","51259","50785","50485","50084","49824","49344","49046","49378","47634","46869","46660","46166","45315",
"상주시","여자인구수[명]","명","65934","65241","64122","62981","61813","60302","58480","57183","56161","55032","54211","53537","53887","53526","53116","52923","52561","52407","52290","51975","51603","51251","51310","49594","48697","48163","47692","46535",
"문경시","총인구수[명]","명","91774","91163","90144","89900","89091","83749","81258","79552","78058","76177","74780","75486","76645","77391","76727","75899","75664","75911","75784","74702","73294","71874","72242","71406","71154","70373","68755","67257",
"문경시","남자인구수[명]","명","45606","45341","44819","44409","43879","41397","40212","39363","38562","37627","37002","37277","37764","38036","37632","37319","37164","37231","37131","36537","35907","35174","35391","35000","34919","34577","33775","33041",
"문경시","여자인구수[명]","명","46168","45822","45325","45491","45212","42352","41046","40189","39496","38550","37778","38209","38881","39355","39095","38580","38500","38680","38653","38165","37387","36700","36851","36406","36235","35796","34980","34216",
"경산시","총인구수[명]","명","198304","207444","212489","213821","215995","218446","216240","219579","227766","234839","236881","237423","236459","240708","243684","246358","248805","253968","256888","258037","259485","261093","263185","263728","268369","267725","266205","266398",
"경산시","남자인구수[명]","명","99565","103997","106451","107127","108275","109501","108617","110412","114651","118315","119454","119731","119284","121560","123114","124367","125454","127909","129290","130060","130775","131537","132616","132805","134940","134746","133847","133851",
"경산시","여자인구수[명]","명","98739","103447","106038","106694","107720","108945","107623","109167","113115","116524","117427","117692","117175","119148","120570","121991","123351","126059","127598","127977","128710","129556","130569","130923","133429","132979","132358","132547",
"군위군","총인구수[명]","명","32063","31490","31846","32637","34055","31654","29762","28825","27709","26687","25781","25309","24966","24736","24268","24119","24172","24170","24126","24171","24215","23919","23843","23256","22945","23340","","",
"군위군","남자인구수[명]","명","16150","15826","15949","16221","16734","15634","14755","14381","13864","13381","12958","12740","12587","12436","12200","12059","12089","12120","12077","12156","12247","12188","12166","11892","11761","11969","","",
"군위군","여자인구수[명]","명","15913","15664","15897","16416","17321","16020","15007","14444","13845","13306","12823","12569","12379","12300","12068","12060","12083","12050","12049","12015","11968","11731","11677","11364","11184","11371","","",
"의성군","총인구수[명]","명","81533","80559","78866","76327","73872","70863","68372","66124","64457","62947","61366","60033","59109","58832","57744","57043","56064","55212","54477","54014","53474","52944","52595","51724","50632","50186","50086","48690",
"의성군","남자인구수[명]","명","40662","40053","39158","37776","36542","34989","33726","32583","31766","30957","30225","29591","29102","28885","28329","27932","27399","26922","26575","26334","26102","25838","25720","25265","24796","24709","24808","24244",
"의성군","여자인구수[명]","명","40871","40506","39708","38551","37330","35874","34646","33541","32691","31990","31141","30442","30007","29947","29415","29111","28665","28290","27902","27680","27372","27106","26875","26459","25836","25477","25278","24446",
"청송군","총인구수[명]","명","35813","35760","34959","34248","33517","32323","31313","30099","29298","28465","27862","27289","26917","26715","26569","26481","26470","26453","26384","26301","26006","25678","25416","25044","24539","24295","24019","23716",
"청송군","남자인구수[명]","명","17996","17944","17453","17021","16623","15979","15563","14951","14502","14093","13758","13548","13379","13213","13162","13075","13134","13119","13054","13008","12891","12762","12694","12482","12261","12168","12063","11905",
"청송군","여자인구수[명]","명","17817","17816","17506","17227","16894","16344","15750","15148","14796","14372","14104","13741","13538","13502","13407","13406","13336","13334","13330","13293","13115","12916","12722","12562","12278","12127","11956","11811",
"영양군","총인구수[명]","명","24276","23976","23409","22805","22172","21385","20772","20205","20025","19615","19119","18766","18553","18451","18241","18208","18297","18197","17898","17713","17479","17356","16993","16692","16320","16022","15661","15328",
"영양군","남자인구수[명]","명","12077","11964","11672","11354","10998","10594","10260","9953","9851","9662","9422","9250","9183","9080","8982","8969","8996","8944","8803","8724","8618","8567","8419","8263","8144","7997","7805","7639",
"영양군","여자인구수[명]","명","12199","12012","11737","11451","11174","10791","10512","10252","10174","9953","9697","9516","9370","9371","9259","9239","9301","9253","9095","8989","8861","8789","8574","8429","8176","8025","7856","7689",
"영덕군","총인구수[명]","명","54358","53999","52730","51131","49593","52602","46965","45826","45003","46460","43470","42707","41710","41377","40794","40257","40142","39586","39191","39052","38529","38108","37361","36313","35314","34650","34055","33210",
"영덕군","남자인구수[명]","명","26216","26102","25423","24609","23804","24946","22490","21913","21489","21984","20615","20284","19809","19657","19378","19136","19118","18846","18625","18607","18360","18103","17777","17197","16777","16481","16232","15902",
"영덕군","여자인구수[명]","명","28142","27897","27307","26522","25789","27656","24475","23913","23514","24476","22855","22423","21901","21720","21416","21121","21024","20740","20566","20445","20169","20005","19584","19116","18537","18169","17823","17308",
"청도군","총인구수[명]","명","56598","56658","55512","52497","51268","50716","50141","47678","46748","46144","45515","44711","44279","44391","44298","43968","43788","43993","43724","43564","43346","43057","42910","42263","41891","41614","41316","40582",
"청도군","남자인구수[명]","명","27440","27392","26798","25447","24806","24495","24195","23109","22609","22369","22101","21744","21564","21627","21552","21398","21314","21448","21382","21278","21221","21117","21065","20775","20598","20541","20493","20193",
"청도군","여자인구수[명]","명","29158","29266","28714","27050","26462","26221","25946","24569","24139","23775","23414","22967","22715","22764","22746","22570","22474","22545","22342","22286","22125","21940","21845","21488","21293","21073","20823","20389",
"고령군","총인구수[명]","명","38781","38447","38251","37587","36796","35978","34942","34522","34271","34777","34907","34770","34535","34678","35455","35343","35198","35033","34594","34257","33768","32969","32373","31361","30626","30353","30139","30062",
"고령군","남자인구수[명]","명","19675","19471","19375","18997","18619","18191","17697","17510","17422","17650","17759","17734","17597","17682","18102","18046","17988","17847","17630","17485","17200","16818","16548","16074","15741","15572","15477","15507",
"고령군","여자인구수[명]","명","19106","18976","18876","18590","18177","17787","17245","17012","16849","17127","17148","17036","16938","16996","17353","17297","17210","17186","16964","16772","16568","16151","15825","15287","14885","14781","14662","14555",
"성주군","총인구수[명]","명","53213","52820","52405","51104","50380","51761","48655","47731","46960","46358","45680","45024","45616","45289","45640","45127","45067","44981","45029","45205","45138","44672","44015","43414","42842","42566","42086","41452",
"성주군","남자인구수[명]","명","26879","26767","26539","25896","25564","26103","24671","24244","23851","23665","23344","22978","23286","23072","23286","23138","23102","23007","23076","23166","23191","23011","22716","22473","22216","22161","22000","21672",
"성주군","여자인구수[명]","명","26334","26053","25866","25208","24816","25658","23984","23487","23109","22693","22336","22046","22330","22217","22354","21989","21965","21974","21953","22039","21947","21661","21299","20941","20626","20405","20086","19780",
"칠곡군","총인구수[명]","명","91500","92420","93282","103537","104743","105844","105843","106475","107750","111390","113851","116472","117288","119087","118838","119786","121182","122058","122829","123199","120864","118828","117047","114758","113822","112487","110581","107383",
"칠곡군","남자인구수[명]","명","46540","46947","47443","52894","53507","53917","54139","54548","55196","57159","58540","60060","60228","61314","61458","62001","62805","63281","63611","64002","62820","61923","61063","59828","59260","58821","57966","56390",
"칠곡군","여자인구수[명]","명","44960","45473","45839","50643","51236","51927","51704","51927","52554","54231","55311","56412","57060","57773","57380","57785","58377","58777","59218","59197","58044","56905","55984","54930","54562","53666","52615","50993",
"예천군","총인구수[명]","명","64643","63681","61828","59885","58081","55746","53649","52132","50951","50218","48866","47993","47306","47049","46579","46027","45573","45104","44674","46166","49253","53274","55100","55613","55739","55755","55325","54609",
"예천군","남자인구수[명]","명","31937","31458","30616","29648","28729","27504","26466","25696","25084","24811","24209","23780","23427","23246","22938","22640","22395","22145","21895","22663","24246","26170","27032","27352","27391","27400","27224","26929",
"예천군","여자인구수[명]","명","32706","32223","31212","30237","29352","28242","27183","26436","25867","25407","24657","24213","23879","23803","23641","23387","23178","22959","22779","23503","25007","27104","28068","28261","28348","28355","28101","27680",
"봉화군","총인구수[명]","명","46460","45737","44437","42865","41364","39852","39439","37526","36599","35608","35046","34628","34297","34567","34192","33934","33894","34023","33808","33539","33259","32843","32150","31494","30762","30139","29603","28836",
"봉화군","남자인구수[명]","명","23234","22927","22285","21531","20721","19888","19578","18717","18239","17821","17562","17346","17162","17292","17099","16903","16859","16911","16774","16667","16550","16409","16146","15853","15551","15295","15090","14720",
"봉화군","여자인구수[명]","명","23226","22810","22152","21334","20643","19964","19861","18809","18360","17787","17484","17282","17135","17275","17093","17031","17035","17112","17034","16872","16709","16434","16004","15641","15211","14844","14513","14116",
"울진군","총인구수[명]","명","69145","68342","67259","66298","65688","63511","61031","58590","56707","55076","53955","53042","52529","52430","52045","51844","51953","52104","51885","51738","50974","50036","49314","48716","47858","47030","46669","46124",
"울진군","남자인구수[명]","명","34417","34022","33454","32912","32586","31486","30190","28881","27903","27090","26584","26110","25857","25778","25504","25507","25642","25825","25813","25847","25463","24983","24658","24441","24026","23687","23553","23392",
"울진군","여자인구수[명]","명","34728","34320","33805","33386","33102","32025","30841","29709","28804","27986","27371","26932","26672","26652","26541","26337","26311","26279","26072","25891","25511","25053","24656","24275","23832","23343","23116","22732",
"울릉군","총인구수[명]","명","10522","10724","10421","10241","9944","9615","9245","9191","9538","10235","10125","10168","10325","10701","10742","10673","10524","10264","10153","10001","9975","9832","9617","9077","8867","8996","9077","9099",
"울릉군","남자인구수[명]","명","5425","5541","5396","5272","5103","4928","4772","4771","4990","5365","5282","5286","5393","5622","5634","5641","5573","5477","5435","5430","5441","5328","5230","4956","4851","4976","5033","5121",
"울릉군","여자인구수[명]","명","5097","5183","5025","4969","4841","4687","4473","4420","4548","4870","4843","4882","4932","5079","5108","5032","4951","4787","4718","4571","4534","4504","4387","4121","4016","4020","4044","3978",
"경상남도","총인구수[명]","명","3043758","3069755","3080229","3094413","3106502","3124418","3139017","3143814","3160431","3172857","3196953","3225255","3250176","3290536","3308765","3319314","3333820","3350257","3364702","3373871","3380404","3373988","3362553","3340216","3314183","3280493","3251158","3228380",
"경상남도","남자인구수[명]","명","1521928","1536028","1542109","1548720","1555175","1564368","1572720","1576357","1585900","1592610","1605983","1622127","1635700","1656042","1664755","1670545","1678592","1687114","1694981","1699219","1701413","1697412","1692032","1681423","1668338","1651675","1636987","1626926",
"경상남도","여자인구수[명]","명","1521830","1533727","1538120","1545693","1551327","1560050","1566297","1567457","1574531","1580247","1590970","1603128","1614476","1634494","1644010","1648769","1655228","1663143","1669721","1674652","1678991","1676576","1670521","1658793","1645845","1628818","1614171","1601454",
"창원시","총인구수[명]","명","","","","","","","","","","","","","","1090181","1091881","1091471","1083731","1075168","1070064","1063907","1057032","1053601","1044740","1036738","1032741","1021487","1009038","999858",
"창원시","남자인구수[명]","명","","","","","","","","","","","","","","553938","554950","554788","551005","546530","543647","540073","536167","534119","529262","525278","523223","517211","510633","506050",
"창원시","여자인구수[명]","명","","","","","","","","","","","","","","536243","536931","536683","532726","528638","526417","523834","520865","519482","515478","511460","509518","504276","498405","493808",
"의창구","총인구수[명]","명","","","","","","","","","","","","","","251647","254419","255394","255816","258250","256471","252435","253349","252896","258582","262408","218027","215823","213342","209695",
"의창구","남자인구수[명]","명","","","","","","","","","","","","","","128382","129838","130254","130537","131857","130853","128719","129036","128759","131544","133544","110998","109824","108453","106604",
"의창구","여자인구수[명]","명","","","","","","","","","","","","","","123265","124581","125140","125279","126393","125618","123716","124313","124137","127038","128864","107029","105999","104889","103091",
"성산구","총인구수[명]","명","","","","","","","","","","","","","","251073","247720","246801","242870","238414","234399","231571","227942","227337","220945","214570","251562","248512","245259","244489",
"성산구","남자인구수[명]","명","","","","","","","","","","","","","","128537","126943","126529","124509","122188","120090","118468","116518","116199","112865","109642","128346","126737","125110","124687",
"성산구","여자인구수[명]","명","","","","","","","","","","","","","","122536","120777","120272","118361","116226","114309","113103","111424","111138","108080","104928","123216","121775","120149","119802",
"마산합포구","총인구수[명]","명","","","","","","","","","","","","","","186420","186399","185505","183365","182223","181670","181797","181917","180535","177784","175716","181322","179496","179394","178211",
"마산합포구","남자인구수[명]","명","","","","","","","","","","","","","","93170","92979","92569","91536","90945","90533","90716","90772","89925","88457","87418","90141","89243","89116","88459",
"마산합포구","여자인구수[명]","명","","","","","","","","","","","","","","93250","93420","92936","91829","91278","91137","91081","91145","90610","89327","88298","91181","90253","90278","89752",
"마산회원구","총인구수[명]","명","","","","","","","","","","","","","","225182","223235","221388","219558","214291","211791","210791","203926","199457","193807","191289","186881","183662","179818","178724",
"마산회원구","남자인구수[명]","명","","","","","","","","","","","","","","114237","113332","112422","111409","108615","107245","106469","102876","100512","97453","95938","93661","91696","89659","89115",
"마산회원구","여자인구수[명]","명","","","","","","","","","","","","","","110945","109903","108966","108149","105676","104546","104322","101050","98945","96354","95351","93220","91966","90159","89609",
"진해구","총인구수[명]","명","","","","","","","","","","","","","","175859","180108","182383","182122","181990","185733","187313","189898","193376","193622","192755","194949","193994","191225","188739",
"진해구","남자인구수[명]","명","","","","","","","","","","","","","","89612","91858","93014","93014","92925","94926","95701","96965","98724","98943","98736","100077","99711","98295","97185",
"진해구","여자인구수[명]","명","","","","","","","","","","","","","","86247","88250","89369","89108","89065","90807","91612","92933","94652","94679","94019","94872","94283","92930","91554",
"창원시","총인구수[명]","명","503899","503938","514935","519798","524068","513659","510439","507161","504520","503881","503930","503518","502727","","","","","","","","","","","","","","","",
"창원시","남자인구수[명]","명","257513","257045","262049","264280","266496","261399","260243","258589","257961","257485","257494","257234","256704","","","","","","","","","","","","","","","",
"창원시","여자인구수[명]","명","246386","246893","252886","255518","257572","252260","250196","248572","246559","246396","246436","246284","246023","","","","","","","","","","","","","","","",
"합포구","총인구수[명]","명","212734","216135","216146","","","","","","","","","","","","","","","","","","","","","","","","","",
"합포구","남자인구수[명]","명","105822","107501","107525","","","","","","","","","","","","","","","","","","","","","","","","","",
"합포구","여자인구수[명]","명","106912","108634","108621","","","","","","","","","","","","","","","","","","","","","","","","","",
"회원구","총인구수[명]","명","214252","217949","218344","","","","","","","","","","","","","","","","","","","","","","","","","",
"회원구","남자인구수[명]","명","107510","109470","109934","","","","","","","","","","","","","","","","","","","","","","","","","",
"회원구","여자인구수[명]","명","106742","108479","108410","","","","","","","","","","","","","","","","","","","","","","","","","",
"마산시","총인구수[명]","명","426986","434084","434490","432620","433135","432903","429612","427248","425018","421783","415805","411078","406307","","","","","","","","","","","","","","","",
"마산시","남자인구수[명]","명","213332","216971","217459","216618","217044","216916","215517","214378","213556","211775","209288","207043","204780","","","","","","","","","","","","","","","",
"마산시","여자인구수[명]","명","213654","217113","217031","216002","216091","215987","214095","212870","211462","210008","206517","204035","201527","","","","","","","","","","","","","","","",
"진주시","총인구수[명]","명","338771","341156","341516","341822","339906","339943","337319","337425","336234","333554","330756","331222","331720","335037","335502","337314","337071","340241","344426","346739","346681","345987","347334","348096","347097","343782","341074","338785",
"진주시","남자인구수[명]","명","167543","169071","169352","169367","168448","168386","167212","167187","166478","165283","164051","164338","164563","166099","166254","167069","166985","168480","170506","171855","171801","171321","171834","172107","171601","169862","168392","167356",
"진주시","여자인구수[명]","명","171228","172085","172164","172455","171458","171557","170107","170238","169756","168271","166705","166884","167157","168938","169248","170245","170086","171761","173920","174884","174880","174666","175500","175989","175496","173920","172682","171429",
"진해시","총인구수[명]","명","133419","133217","133052","133791","134660","141124","150308","151393","156992","161175","163108","168696","171407","","","","","","","","","","","","","","","",
"진해시","남자인구수[명]","명","67058","67020","66956","67407","67924","71170","75769","76497","79147","81788","82789","85691","87288","","","","","","","","","","","","","","","",
"진해시","여자인구수[명]","명","66361","66197","66096","66384","66736","69954","74539","74896","77845","79387","80319","83005","84119","","","","","","","","","","","","","","","",
"통영시","총인구수[명]","명","140789","140397","139093","136864","135547","134107","133420","132959","132795","133127","134431","136275","137415","140297","140195","139347","139719","139439","139168","138160","135833","133720","131404","128293","125383","122681","120551","118481",
"통영시","남자인구수[명]","명","70605","70565","70117","68953","68387","67636","67463","67325","67241","67540","68375","69465","70090","71534","71211","70610","70840","70639","70360","69769","68528","67303","66053","64502","62928","61587","60517","59496",
"통영시","여자인구수[명]","명","70184","69832","68976","67911","67160","66471","65957","65634","65554","65587","66056","66810","67325","68763","68984","68737","68879","68800","68808","68391","67305","66417","65351","63791","62455","61094","60034","58985",
"사천시","총인구수[명]","명","120946","120145","119597","119326","119305","117076","114556","112670","111293","112300","112499","112828","112724","114148","114133","115321","116851","116485","115452","114912","114252","113888","111925","111105","109953","109369","109030","108504",
"사천시","남자인구수[명]","명","60172","59907","59782","59710","59665","58504","57288","56411","55687","56285","56517","56777","56772","57365","57343","57826","58660","58392","57932","57698","57476","57394","56451","56010","55433","55239","55139","55028",
"사천시","여자인구수[명]","명","60774","60238","59815","59616","59640","58572","57268","56259","55606","56015","55982","56051","55952","56783","56790","57495","58191","58093","57520","57214","56776","56494","55474","55095","54520","54130","53891","53476",
"사천남양출장소","총인구수[명]","명","","","","","","","","","","","","","","","","","","","","","","","","0","","0","0","0",
"사천남양출장소","남자인구수[명]","명","","","","","","","","","","","","","","","","","","","","","","","","0","","0","0","0",
"사천남양출장소","여자인구수[명]","명","","","","","","","","","","","","","","","","","","","","","","","","0","","0","0","0",
"김해시","총인구수[명]","명","304750","320487","326070","343617","353768","390292","407368","427432","443017","453728","464964","477572","492413","503348","507062","513260","522049","527240","528865","529422","532132","533672","542455","542338","537673","535129","533659","531676",
"김해시","남자인구수[명]","명","153307","161092","163998","172814","178148","196283","204960","215436","223062","228243","233985","240583","247971","253810","255716","259026","263489","266361","267227","267513","268959","269736","274336","274313","271899","270652","269755","268933",
"김해시","여자인구수[명]","명","151443","159395","162072","170803","175620","194009","202408","211996","219955","225485","230979","236989","244442","249538","251346","254234","258560","260879","261638","261909","263173","263936","268119","268025","265774","264477","263904","262743",
"장유출장소","총인구수[명]","명","","","","","","","","","","","","","","","","","","","","","","","","0","","0","0","0",
"장유출장소","남자인구수[명]","명","","","","","","","","","","","","","","","","","","","","","","","","0","","0","0","0",
"장유출장소","여자인구수[명]","명","","","","","","","","","","","","","","","","","","","","","","","","0","","0","0","0",
"밀양시","총인구수[명]","명","129124","128073","126641","124574","122999","120342","117732","115459","113636","112025","111473","110858","110170","110479","109329","108755","108342","107765","107896","108354","107898","106744","105552","104831","103525","102945","102084","100691",
"밀양시","남자인구수[명]","명","63542","63195","62583","61525","60721","59420","58001","56950","55938","55080","54781","54387","53992","54089","53511","53255","53057","52759","52786","52992","52692","52161","51618","51356","50849","50636","50356","49811",
"밀양시","여자인구수[명]","명","65582","64878","64058","63049","62278","60922","59731","58509","57698","56945","56692","56471","56178","56390","55818","55500","55285","55006","55110","55362","55206","54583","53934","53475","52676","52309","51728","50880",
"거제시","총인구수[명]","명","164652","170275","173090","174981","178980","182035","186208","190141","195609","201412","208208","217211","225522","228355","232787","236944","242077","248287","255828","257183","254073","250516","248276","245754","241216","236662","234038","232972",
"거제시","남자인구수[명]","명","84417","87266","88776","89619","91743","93533","96003","98068","101160","104360","108290","113525","118410","119547","121587","124076","127020","130708","135281","135738","133467","131003","130141","128978","126291","123712","122542","122140",
"거제시","여자인구수[명]","명","80235","83009","84314","85362","87237","88502","90205","92073","94449","97052","99918","103686","107112","108808","111200","112868","115057","117579","120547","121445","120606","119513","118135","116776","114925","112950","111496","110832",
"양산시","총인구수[명]","명","172944","177081","184015","193552","200694","205958","210424","213695","222299","226425","231956","243012","250387","260239","266403","270460","279565","292376","301291","317037","338535","348639","350759","352229","354726","353792","355122","359531",
"양산시","남자인구수[명]","명","87353","89465","92855","97608","101087","103799","106139","107819","112232","114109","116978","122576","126053","130940","134085","136159","140719","147189","151653","159503","170132","175184","176114","176641","177759","177238","177596","180021",
"양산시","여자인구수[명]","명","85591","87616","91160","95944","99607","102159","104285","105876","110067","112316","114978","120436","124334","129299","132318","134301","138846","145187","149638","157534","168403","173455","174645","175588","176967","176554","177526","179510",
"양산시웅상출장소","총인구수[명]","명","","","","","","","","","","","","","","","","","","","","","","","","0","","0","0","0",
"양산시웅상출장소","남자인구수[명]","명","","","","","","","","","","","","","","","","","","","","","","","","0","","0","0","0",
"양산시웅상출장소","여자인구수[명]","명","","","","","","","","","","","","","","","","","","","","","","","","0","","0","0","0",
"의령군","총인구수[명]","명","36812","36265","35384","34490","33494","32751","32766","32371","31099","31625","31418","30734","30496","30162","30045","30329","29417","29209","28544","28111","27849","27667","27168","26800","26322","26061","25475","25150",
"의령군","남자인구수[명]","명","17703","17422","16996","16495","16023","15684","15676","15487","14912","15147","15071","14734","14635","14486","14452","14582","14193","14081","13700","13562","13478","13418","13242","13140","12966","12893","12668","12546",
"의령군","여자인구수[명]","명","19109","18843","18388","17995","17471","17067","17090","16884","16187","16478","16347","16000","15861","15676","15593","15747","15224","15128","14844","14549","14371","14249","13926","13660","13356","13168","12807","12604",
"함안군","총인구수[명]","명","66815","66865","65923","64846","65368","64318","63435","62081","61376","63460","64865","66050","66582","67207","66971","67425","67667","68741","69156","68937","68207","67025","65700","64182","62547","61456","60203","58842",
"함안군","남자인구수[명]","명","33161","33251","32848","32396","32655","32180","31802","31251","30947","31971","32609","33289","33604","33966","33813","34107","34146","34611","34865","34819","34433","33923","33203","32561","31816","31371","30840","30148",
"함안군","여자인구수[명]","명","33654","33614","33075","32450","32713","32138","31633","30830","30429","31489","32256","32761","32978","33241","33158","33318","33521","34130","34291","34118","33774","33102","32497","31621","30731","30085","29363","28694",
"창녕군","총인구수[명]","명","77124","76207","74668","73019","71047","69220","67313","66074","64672","63476","62255","61603","61252","61714","62490","62966","63447","63502","63817","63982","64101","63396","62331","61301","60129","58372","57083","56085",
"창녕군","남자인구수[명]","명","37800","37415","36710","35911","34943","34064","33097","32443","31764","31142","30544","30210","30077","30380","30772","31074","31381","31355","31622","31735","31844","31495","31015","30452","29948","29180","28528","28112",
"창녕군","여자인구수[명]","명","39324","38792","37958","37108","36104","35156","34216","33631","32908","32334","31711","31393","31175","31334","31718","31892","32066","32147","32195","32247","32257","31901","31316","30849","30181","29192","28555","27973",
"고성군","총인구수[명]","명","67588","66612","64960","63423","62097","60374","58642","57400","56189","55309","55393","55950","57100","57231","57264","56906","56369","55916","55284","54703","54060","53243","52276","51361","50478","50448","49468","48005",
"고성군","남자인구수[명]","명","33283","32899","32155","31394","30713","29833","28999","28438","27823","27410","27487","27902","28636","28711","28710","28547","28277","28020","27715","27452","27064","26675","26208","25760","25297","25366","24970","24312",
"고성군","여자인구수[명]","명","34305","33713","32805","32029","31384","30541","29643","28962","28366","27899","27906","28048","28464","28520","28554","28359","28092","27896","27569","27251","26996","26568","26068","25601","25181","25082","24498","23693",
"남해군","총인구수[명]","명","64500","63662","61820","59762","57916","55958","54392","53129","51825","50792","55026","50698","50244","49328","50242","48223","47244","46638","45865","45129","44642","43990","43622","42958","42266","41579","40780","39832",
"남해군","남자인구수[명]","명","31067","30784","29840","28750","27806","26851","25988","25369","24816","24292","26233","24225","24018","23599","24004","22986","22546","22247","21878","21566","21348","21044","20988","20707","20450","20190","19859","19394",
"남해군","여자인구수[명]","명","33433","32878","31980","31012","30110","29107","28404","27760","27009","26500","28793","26473","26226","25729","26238","25237","24698","24391","23987","23563","23294","22946","22634","22251","21816","21389","20921","20438",
"하동군","총인구수[명]","명","62867","62007","60801","59556","60298","56777","58010","54881","53131","52898","55526","53515","52010","51509","53975","50806","50177","49223","50259","49622","48831","47533","46574","44785","43449","42465","41606","40765",
"하동군","남자인구수[명]","명","30847","30445","29873","29267","29485","27898","28316","26898","26135","26040","27207","26346","25570","25359","26506","25023","24699","24276","24804","24463","24083","23534","23149","22364","21696","21255","20825","20402",
"하동군","여자인구수[명]","명","32020","31562","30928","30289","30813","28879","29694","27983","26996","26858","28319","27169","26440","26150","27469","25783","25478","24947","25455","25159","24748","23999","23425","22421","21753","21210","20781","20363",
"산청군","총인구수[명]","명","44291","43456","42210","40997","39863","38726","37783","36849","36294","35704","35274","35043","34921","35591","35651","35691","35935","35849","36071","36098","36340","35952","35417","34857","34360","34028","33752","33259",
"산청군","남자인구수[명]","명","21647","21281","20741","20111","19519","18921","18455","17962","17697","17371","17134","17002","17016","17320","17385","17462","17613","17531","17643","17666","17793","17589","17321","17110","16931","16871","16758","16475",
"산청군","여자인구수[명]","명","22644","22175","21469","20886","20344","19805","19328","18887","18597","18333","18140","18041","17905","18271","18266","18229","18322","18318","18428","18432","18547","18363","18096","17747","17429","17157","16994","16784",
"함양군","총인구수[명]","명","48912","48716","47638","46376","45184","43982","42760","41922","41535","41162","40637","40447","40626","41197","41081","40714","40692","40584","40339","40241","40175","40044","39637","39080","38310","37708","36945","36131",
"함양군","남자인구수[명]","명","23757","23730","23142","22439","21812","21195","20575","20101","19914","19701","19430","19370","19434","19674","19650","19421","19433","19386","19290","19244","19242","19172","19097","18853","18531","18270","17922","17616",
"함양군","여자인구수[명]","명","25155","24986","24496","23937","23372","22787","22185","21821","21621","21461","21207","21077","21192","21523","21431","21293","21259","21198","21049","20997","20933","20872","20540","20227","19779","19438","19023","18515",
"거창군","총인구수[명]","명","72237","72096","70989","69744","68574","67224","66370","65615","64735","63917","63979","63268","63180","63421","63146","63103","63177","63137","63232","63308","62763","62455","62179","61502","61073","60387","60047","59588",
"거창군","남자인구수[명]","명","35378","35383","34833","34164","33524","32702","32355","31952","31568","31188","31136","30791","30733","30843","30665","30613","30671","30581","30664","30746","30476","30340","30345","30082","29955","29655","29555","29322",
"거창군","여자인구수[명]","명","36859","36713","36156","35580","35050","34522","34015","33663","33167","32729","32843","32477","32447","32578","32481","32490","32506","32556","32568","32562","32287","32115","31834","31420","31118","30732","30492","30266",
"합천군","총인구수[명]","명","66332","65016","63337","61255","59599","57649","60160","57909","58162","55104","55450","55677","52973","51092","50608","50279","50290","50457","49145","48026","47000","45916","45204","44006","42935","42142","41203","40225",
"합천군","남자인구수[명]","명","32443","31821","31044","29892","29032","27994","28862","27796","27862","26400","26584","26639","25354","24382","24141","23921","23858","23968","23408","22825","22430","22001","21655","21209","20765","20487","20132","19764",
"합천군","여자인구수[명]","명","33889","33195","32293","31363","30567","29655","31298","30113","30300","28704","28866","29038","27619","26710","26467","26358","26432","26489","25737","25201","24570","23915","23549","22797","22170","21655","21071","20461",
"제주특별자치도","총인구수[명]","명","527586","534008","538744","542368","546889","550831","552297","555362","557569","558496","559258","560618","562663","571255","576156","583713","593806","607346","624395","641597","657083","667191","670989","674635","676759","678159","675252","670368",
"제주특별자치도","남자인구수[명]","명","260931","264720","267338","269126","271394","273871","274841","276693","278281","278854","279246","280088","281319","285582","288152","292213","297504","304656","313428","322545","330823","335719","337345","338609","339177","339590","337976","335255",
"제주특별자치도","여자인구수[명]","명","266655","269288","271406","273242","275495","276960","277456","278669","279288","279642","280012","280530","281344","285673","288004","291500","296302","302690","310967","319052","326260","331472","333644","336026","337582","338569","337276","335113",
"제주시","총인구수[명]","명","265856","270424","273930","278535","284498","289874","292124","296068","303499","403601","405458","407498","410378","417539","422790","429656","438165","448834","459876","470665","478700","485946","489405","492466","493096","493389","491654","488348",
"제주시","남자인구수[명]","명","131114","133467","135175","137306","140378","143260","144312","146473","150534","200973","201884","203107","204689","208215","210873","214588","219029","224581","230223","235977","240465","243974","245533","246588","246494","246504","245561","243675",
"제주시","여자인구수[명]","명","134742","136957","138755","141229","144120","146614","147812","149595","152965","202628","203574","204391","205689","209324","211917","215068","219136","224253","229653","234688","238235","241972","243872","245878","246602","246885","246093","244673",
"서귀포시","총인구수[명]","명","84837","85041","85857","85571","85129","84601","83275","83770","83027","154895","153800","153120","152285","153716","153366","154057","155641","158512","164519","170932","178383","181245","181584","182169","183663","184770","183598","182020",
"서귀포시","남자인구수[명]","명","42064","42258","42634","42566","42346","42089","41512","41800","41469","77881","77362","76981","76630","77367","77279","77625","78475","80075","83205","86568","90358","91745","91812","92021","92683","93086","92415","91580",
"서귀포시","여자인구수[명]","명","42773","42783","43223","43005","42783","42512","41763","41970","41558","77014","76438","76139","75655","76349","76087","76432","77166","78437","81314","84364","88025","89500","89772","90148","90980","91684","91183","90440",
"북제주군","총인구수[명]","명","98300","100422","100808","100227","100017","100540","101828","101915","97202","","","","","","","","","","","","","","","","","","","",
"북제주군","남자인구수[명]","명","48710","50020","50469","50242","50040","50550","51315","51380","49043","","","","","","","","","","","","","","","","","","","",
"북제주군","여자인구수[명]","명","49590","50402","50339","49985","49977","49990","50513","50535","48159","","","","","","","","","","","","","","","","","","","",
"남제주군","총인구수[명]","명","78593","78121","78149","78035","77245","75816","75070","73609","73841","","","","","","","","","","","","","","","","","","","",
"남제주군","남자인구수[명]","명","39043","38975","39060","39012","38630","37972","37702","37040","37235","","","","","","","","","","","","","","","","","","","",
"남제주군","여자인구수[명]","명","39550","39146","39089","39023","38615","37844","37368","36569","36606","","","","","","","","","","","","","","","","","","","",
